# Reviewed-protein consensus per KO; generated by scripts/build_kegg_swissprot_consensus.py.
# Swiss-Prot 2026_03 (uniprot_sprot.dat.gz sha256 c87208822a56e8ae); KEGG gene links sha256 20ab0dd3b910cb82; go-basic.obo sha256 b08d45b268b8c24c
# ko	predicate	agreeing	proteins
K00001	dehydrogenase	14	14
K00001	nad_binding	14	14
K00001	oxidoreductase	14	14
K00002	dehydrogenase	17	18
K00002	nad_binding	17	18
K00002	oxidoreductase	18	18
K00003	dehydrogenase	19	20
K00003	nad_binding	19	20
K00003	oxidoreductase	19	20
K00006	dehydrogenase	34	34
K00006	nad_binding	34	34
K00006	oxidoreductase	34	34
K00008	dehydrogenase	11	12
K00008	nad_binding	11	12
K00008	oxidoreductase	12	12
K00009	dehydrogenase	149	149
K00009	nad_binding	149	149
K00009	oxidoreductase	149	149
K00010	dehydrogenase	63	64
K00010	nad_binding	63	64
K00010	oxidoreductase	64	64
K00011	dehydrogenase	17	17
K00011	nad_binding	17	17
K00011	oxidoreductase	17	17
K00012	dehydrogenase	40	40
K00012	nad_binding	40	40
K00012	oxidoreductase	40	40
K00013	dehydrogenase	203	208
K00013	nad_binding	203	208
K00013	oxidoreductase	208	208
K00014	dehydrogenase	357	357
K00014	nad_binding	357	357
K00014	oxidoreductase	357	357
K00015	dehydrogenase	12	13
K00015	nad_binding	12	13
K00015	oxidoreductase	13	13
K00016	dehydrogenase	228	228
K00016	nad_binding	228	228
K00016	oxidoreductase	228	228
K00019	oxidoreductase	7	7
K00020	dehydrogenase	13	13
K00020	nad_binding	13	13
K00020	oxidoreductase	13	13
K00021	dehydrogenase	36	36
K00021	nad_binding	36	36
K00021	oxidoreductase	36	36
K00022	dehydrogenase	7	7
K00022	nad_binding	7	7
K00022	oxidoreductase	7	7
K00024	dehydrogenase	492	492
K00024	nad_binding	492	492
K00024	oxidoreductase	492	492
K00025	dehydrogenase	18	18
K00025	nad_binding	18	18
K00025	oxidoreductase	18	18
K00026	dehydrogenase	19	19
K00026	nad_binding	19	19
K00026	oxidoreductase	19	19
K00027	dehydrogenase	118	118
K00027	nad_binding	118	118
K00027	oxidoreductase	118	118
K00029	dehydrogenase	21	21
K00029	nad_binding	21	21
K00029	oxidoreductase	21	21
K00031	dehydrogenase	52	52
K00031	nad_binding	52	52
K00031	oxidoreductase	52	52
K00033	dehydrogenase	45	45
K00033	nad_binding	45	45
K00033	oxidoreductase	45	45
K00036	dehydrogenase	58	59
K00036	nad_binding	58	59
K00036	oxidoreductase	58	59
K00041	dehydrogenase	38	38
K00041	nad_binding	38	38
K00041	oxidoreductase	38	38
K00045	dehydrogenase	9	9
K00045	nad_binding	9	9
K00045	oxidoreductase	9	9
K00052	dehydrogenase	257	257
K00052	nad_binding	257	257
K00052	oxidoreductase	257	257
K00053	dehydrogenase	627	627
K00053	nad_binding	627	627
K00053	oxidoreductase	627	627
K00057	dehydrogenase	586	586
K00057	nad_binding	586	586
K00057	oxidoreductase	586	586
K00058	dehydrogenase	28	28
K00058	nad_binding	28	28
K00058	oxidoreductase	28	28
K00059	oxidoreductase	51	53
K00060	dehydrogenase	183	183
K00060	nad_binding	183	183
K00060	oxidoreductase	183	183
K00067	dehydrogenase	9	10
K00067	nad_binding	9	10
K00067	oxidoreductase	9	10
K00069	dehydrogenase	6	6
K00069	nad_binding	6	6
K00069	oxidoreductase	6	6
K00070	dehydrogenase	18	18
K00070	nad_binding	18	18
K00070	oxidoreductase	18	18
K00071	nad_binding	7	7
K00071	oxidoreductase	7	7
K00072	dehydrogenase	6	6
K00072	nad_binding	6	6
K00072	oxidoreductase	6	6
K00074	dehydrogenase	9	9
K00074	nad_binding	9	9
K00074	oxidoreductase	9	9
K00075	nad_binding	466	466
K00075	oxidoreductase	466	466
K00077	dehydrogenase	33	33
K00077	nad_binding	33	33
K00077	oxidoreductase	33	33
K00078	dehydrogenase	9	9
K00078	nad_binding	9	9
K00078	oxidoreductase	9	9
K00079	dehydrogenase	7	7
K00079	nad_binding	7	7
K00079	oxidoreductase	7	7
K00083	dehydrogenase	25	25
K00083	nad_binding	25	25
K00083	oxidoreductase	25	25
K00088	dehydrogenase	72	77
K00088	nad_binding	72	77
K00088	oxidoreductase	77	77
K00090	dehydrogenase	63	63
K00090	nad_binding	63	63
K00090	oxidoreductase	63	63
K00096	dehydrogenase	67	67
K00096	nad_binding	67	67
K00096	oxidoreductase	67	67
K00097	dehydrogenase	128	129
K00097	nad_binding	128	129
K00097	oxidoreductase	128	129
K00099	dehydrogenase	436	436
K00099	nad_binding	436	436
K00099	oxidoreductase	436	436
K00102	oxidoreductase	6	6
K00103	oxidoreductase	11	11
K00104	oxidoreductase	5	5
K00105	oxidoreductase	7	7
K00106	nad_binding	13	14
K00106	oxidoreductase	14	14
K00107	oxidoreductase	9	9
K00108	nad_binding	114	117
K00108	oxidoreductase	117	117
K00109	oxidoreductase	8	8
K00111	oxidoreductase	41	41
K00112	oxidoreductase	77	77
K00114	oxidoreductase	5	5
K00116	oxidoreductase	179	179
K00121	dehydrogenase	36	37
K00121	nad_binding	36	37
K00121	oxidoreductase	37	37
K00122	nad_binding	6	6
K00122	oxidoreductase	6	6
K00123	nad_binding	12	15
K00123	oxidoreductase	15	15
K00128	nad_binding	63	63
K00128	oxidoreductase	63	63
K00129	nad_binding	12	12
K00129	oxidoreductase	12	12
K00130	nad_binding	123	123
K00130	oxidoreductase	123	123
K00133	nad_binding	45	45
K00133	oxidoreductase	45	45
K00134	nad_binding	121	121
K00134	oxidoreductase	121	121
K00135	nad_binding	26	26
K00135	oxidoreductase	26	26
K00137	nad_binding	37	37
K00137	oxidoreductase	37	37
K00138	nad_binding	10	10
K00138	oxidoreductase	10	10
K00139	nad_binding	5	5
K00139	oxidoreductase	5	5
K00140	nad_binding	51	51
K00140	oxidoreductase	51	51
K00145	nad_binding	382	382
K00145	oxidoreductase	382	382
K00147	nad_binding	556	556
K00147	oxidoreductase	556	556
K00149	nad_binding	7	7
K00149	oxidoreductase	7	7
K00150	nad_binding	63	63
K00150	oxidoreductase	63	63
K00157	oxidoreductase	15	15
K00161	oxidoreductase	39	39
K00162	oxidoreductase	38	38
K00163	oxidoreductase	12	12
K00164	oxidoreductase	85	85
K00166	oxidoreductase	16	16
K00167	oxidoreductase	15	15
K00169	oxidoreductase	8	8
K00170	oxidoreductase	8	8
K00174	oxidoreductase	11	11
K00175	oxidoreductase	11	11
K00179	oxidoreductase	6	6
K00180	oxidoreductase	6	6
K00181	transferase	6	6
K00186	oxidoreductase	5	5
K00187	oxidoreductase	5	5
K00188	oxidoreductase	5	5
K00189	oxidoreductase	5	5
K00192	oxidoreductase	13	14
K00193	transferase	10	10
K00197	methyltransferase	8	8
K00197	transferase	8	8
K00198	oxidoreductase	10	10
K00202	oxidoreductase	7	8
K00207	nad_binding	11	11
K00207	oxidoreductase	11	11
K00208	nad_binding	30	30
K00208	oxidoreductase	30	30
K00209	nad_binding	109	109
K00209	oxidoreductase	109	109
K00213	nad_binding	9	9
K00213	oxidoreductase	9	9
K00215	nad_binding	555	555
K00215	oxidoreductase	555	555
K00218	nad_binding	8	8
K00218	oxidoreductase	8	8
K00222	nad_binding	12	12
K00222	oxidoreductase	12	12
K00223	nad_binding	6	6
K00223	oxidoreductase	6	6
K00226	oxidoreductase	28	28
K00227	oxidoreductase	18	18
K00227	oxygenase	18	18
K00228	oxidoreductase	237	237
K00230	oxidoreductase	5	5
K00231	oxidoreductase	17	17
K00232	oxidoreductase	33	33
K00234	oxidoreductase	19	19
K00235	oxidoreductase	22	22
K00239	oxidoreductase	11	11
K00240	oxidoreductase	10	10
K00244	oxidoreductase	5	5
K00245	oxidoreductase	7	7
K00248	oxidoreductase	7	7
K00249	flavin_binding	10	12
K00249	oxidoreductase	12	12
K00253	flavin_binding	9	9
K00253	oxidoreductase	9	9
K00254	oxidoreductase	384	384
K00257	oxidoreductase	5	5
K00259	nad_binding	29	29
K00259	oxidoreductase	29	29
K00260	nad_binding	9	9
K00260	oxidoreductase	9	9
K00261	nad_binding	32	32
K00261	oxidoreductase	32	32
K00262	nad_binding	19	19
K00262	oxidoreductase	19	19
K00265	nad_binding	5	5
K00265	oxidoreductase	5	5
K00266	nad_binding	6	6
K00266	oxidoreductase	6	6
K00272	enzyme	8	9
K00272	halogenase	8	9
K00272	oxidase	8	9
K00272	oxidoreductase	9	9
K00273	oxidoreductase	19	19
K00274	oxidoreductase	23	23
K00275	oxidoreductase	354	355
K00276	oxidoreductase	23	24
K00278	oxidoreductase	42	42
K00279	oxidoreductase	15	15
K00280	oxidoreductase	15	15
K00281	oxidoreductase	244	244
K00282	oxidoreductase	168	168
K00283	oxidoreductase	116	116
K00284	oxidoreductase	6	6
K00285	oxidoreductase	170	170
K00286	nad_binding	51	51
K00286	oxidoreductase	51	51
K00287	nad_binding	50	50
K00287	oxidoreductase	50	50
K00288	hydrolase	9	9
K00288	ligase	9	9
K00288	nad_binding	9	9
K00288	oxidoreductase	9	9
K00288	synthetase	9	9
K00289	nad_binding	7	7
K00289	oxidoreductase	7	7
K00290	nad_binding	8	9
K00290	oxidoreductase	8	9
K00294	nad_binding	54	54
K00294	oxidoreductase	54	54
K00297	nad_binding	13	13
K00297	oxidoreductase	13	13
K00299	nad_binding	5	5
K00299	oxidoreductase	5	5
K00306	oxidoreductase	8	8
K00311	oxidoreductase	14	14
K00312	regulator	6	6
K00312	regulatory	6	6
K00312	signaling	6	6
K00318	oxidoreductase	15	15
K00319	oxidoreductase	19	19
K00320	oxidoreductase	8	8
K00322	nad_binding	91	91
K00322	oxidoreductase	91	91
K00324	electron_transport	6	6
K00324	translocase	6	6
K00324	transporter	6	6
K00325	electron_transport	6	6
K00325	translocase	6	6
K00325	transporter	6	6
K00326	nad_binding	79	81
K00326	oxidoreductase	80	81
K00327	nad_binding	23	23
K00327	oxidoreductase	23	23
K00330	electron_transport	196	196
K00330	translocase	196	196
K00330	transporter	196	196
K00331	electron_transport	511	511
K00331	translocase	511	511
K00331	transporter	511	511
K00332	electron_transport	200	200
K00332	translocase	200	200
K00332	transporter	200	200
K00333	electron_transport	336	336
K00333	translocase	336	336
K00333	transporter	336	336
K00334	electron_transport	21	21
K00334	translocase	21	21
K00334	transporter	21	21
K00335	electron_transport	24	24
K00335	translocase	24	24
K00335	transporter	24	24
K00336	electron_transport	26	26
K00336	translocase	26	26
K00336	transporter	26	26
K00337	electron_transport	386	386
K00337	translocase	386	386
K00337	transporter	386	386
K00338	electron_transport	324	324
K00338	translocase	324	324
K00338	transporter	324	324
K00339	electron_transport	14	14
K00339	translocase	14	14
K00339	transporter	14	14
K00340	electron_transport	412	412
K00340	translocase	412	412
K00340	transporter	412	412
K00341	electron_transport	17	17
K00341	translocase	17	17
K00341	transporter	17	17
K00342	electron_transport	15	15
K00342	translocase	15	15
K00342	transporter	15	15
K00343	electron_transport	242	242
K00343	translocase	242	242
K00343	transporter	242	242
K00344	nad_binding	11	11
K00344	oxidoreductase	11	11
K00346	ion_transporter	60	60
K00346	translocase	60	60
K00346	transporter	60	60
K00347	ion_transporter	35	35
K00347	translocase	35	35
K00347	transporter	35	35
K00348	ion_transporter	17	17
K00348	translocase	17	17
K00348	transporter	17	17
K00349	ion_transporter	72	72
K00349	translocase	72	72
K00349	transporter	72	72
K00350	ion_transporter	77	77
K00350	translocase	77	77
K00350	transporter	77	77
K00351	ion_transporter	46	46
K00351	translocase	46	46
K00351	transporter	46	46
K00354	nad_binding	37	37
K00354	oxidoreductase	37	37
K00355	nad_binding	6	6
K00355	oxidoreductase	6	6
K00357	nad_binding	6	6
K00357	oxidoreductase	6	6
K00364	nad_binding	190	190
K00364	nitrogen_metabolism	190	190
K00364	oxidoreductase	190	190
K00365	nitrogen_metabolism	17	17
K00365	oxidoreductase	17	17
K00368	nitrogen_metabolism	5	5
K00368	oxidoreductase	5	5
K00371	nitrogen_metabolism	5	5
K00371	oxidoreductase	5	5
K00376	nitrogen_metabolism	9	9
K00376	oxidoreductase	9	9
K00380	nad_binding	60	60
K00380	oxidoreductase	60	60
K00380	sulfur_metabolism	59	60
K00381	nad_binding	176	176
K00381	oxidoreductase	176	176
K00381	sulfur_metabolism	176	176
K00382	nad_binding	59	60
K00382	oxidoreductase	59	60
K00382	sulfur_metabolism	59	60
K00383	nad_binding	24	24
K00383	oxidoreductase	24	24
K00383	sulfur_metabolism	24	24
K00384	nad_binding	127	127
K00384	oxidoreductase	127	127
K00387	cytoplasmic	5	5
K00387	oxidoreductase	5	5
K00387	sulfur_metabolism	5	5
K00390	oxidoreductase	155	156
K00390	sulfur_metabolism	155	156
K00392	oxidoreductase	9	9
K00392	sulfur_metabolism	9	9
K00399	sulfurtransferase	10	10
K00399	transferase	10	10
K00401	sulfurtransferase	8	8
K00401	transferase	8	8
K00402	sulfurtransferase	8	8
K00402	transferase	8	8
K00411	electron_transport	27	27
K00411	translocase	27	27
K00411	transporter	27	27
K00423	oxidoreductase	6	6
K00428	oxidoreductase	28	28
K00428	peroxidase	28	28
K00430	oxidoreductase	84	84
K00430	peroxidase	84	84
K00434	oxidoreductase	15	15
K00434	peroxidase	15	15
K00435	oxidoreductase	57	57
K00451	dioxygenase	82	84
K00451	oxidoreductase	84	84
K00451	oxygenase	84	84
K00452	dioxygenase	49	49
K00452	oxidoreductase	49	49
K00452	oxygenase	49	49
K00453	dioxygenase	93	95
K00453	oxidoreductase	93	95
K00453	oxygenase	93	95
K00454	dioxygenase	10	10
K00454	oxidoreductase	10	10
K00454	oxygenase	10	10
K00456	dioxygenase	11	11
K00456	oxidoreductase	11	11
K00456	oxygenase	11	11
K00457	dioxygenase	21	24
K00457	oxidoreductase	21	24
K00457	oxygenase	21	24
K00458	dioxygenase	5	5
K00458	lipid_metabolism	5	5
K00458	oxidoreductase	5	5
K00458	oxygenase	5	5
K00459	monooxygenase	19	19
K00459	oxidoreductase	19	19
K00459	oxygenase	19	19
K00460	dioxygenase	7	7
K00460	oxidoreductase	7	7
K00460	oxygenase	7	7
K00463	dioxygenase	7	7
K00463	oxidoreductase	7	7
K00463	oxygenase	7	7
K00469	oxidoreductase	12	12
K00469	oxygenase	12	12
K00471	dioxygenase	5	5
K00471	oxidoreductase	5	5
K00471	oxygenase	5	5
K00472	dioxygenase	27	27
K00472	oxidoreductase	27	27
K00472	oxygenase	27	27
K00473	dioxygenase	5	5
K00473	oxidoreductase	5	5
K00473	oxygenase	5	5
K00474	dioxygenase	7	7
K00474	oxidoreductase	7	7
K00474	oxygenase	7	7
K00477	dioxygenase	7	8
K00477	oxidoreductase	8	8
K00477	oxygenase	7	8
K00485	monooxygenase	34	36
K00485	nad_binding	34	36
K00485	oxidoreductase	36	36
K00485	oxygenase	34	36
K00486	monooxygenase	46	46
K00486	nad_binding	46	46
K00486	oxidoreductase	46	46
K00486	oxygenase	46	46
K00487	flavin_binding	6	6
K00487	monooxygenase	6	6
K00487	oxidoreductase	6	6
K00487	oxygenase	6	6
K00489	flavin_binding	5	5
K00489	monooxygenase	5	5
K00489	oxidoreductase	5	5
K00489	oxygenase	5	5
K00491	flavin_binding	8	8
K00491	monooxygenase	8	8
K00491	oxidoreductase	8	8
K00491	oxygenase	8	8
K00496	monooxygenase	5	5
K00496	oxidoreductase	5	5
K00496	oxygenase	5	5
K00498	monooxygenase	9	9
K00498	oxidoreductase	9	9
K00498	oxygenase	9	9
K00500	monooxygenase	12	12
K00500	oxidoreductase	12	12
K00500	oxygenase	12	12
K00501	monooxygenase	10	10
K00501	oxidoreductase	10	10
K00501	oxygenase	10	10
K00502	monooxygenase	11	11
K00502	oxidoreductase	11	11
K00502	oxygenase	11	11
K00503	monooxygenase	9	9
K00503	oxidoreductase	9	9
K00503	oxygenase	9	9
K00505	monooxygenase	15	17
K00505	oxidoreductase	17	17
K00505	oxygenase	16	17
K00507	oxidoreductase	19	19
K00507	oxygenase	19	19
K00509	oxidoreductase	6	6
K00509	oxygenase	6	6
K00510	flavin_binding	7	7
K00510	monooxygenase	7	7
K00510	oxidoreductase	7	7
K00510	oxygenase	7	7
K00511	flavin_binding	17	17
K00511	monooxygenase	17	17
K00511	oxidoreductase	17	17
K00511	oxygenase	17	17
K00512	flavin_binding	19	19
K00512	monooxygenase	19	19
K00512	oxidoreductase	19	19
K00512	oxygenase	19	19
K00513	flavin_binding	5	5
K00513	monooxygenase	5	5
K00513	oxidoreductase	5	5
K00513	oxygenase	5	5
K00514	oxidoreductase	6	6
K00521	enzyme	8	8
K00521	halogenase	8	8
K00521	metal_binding	8	8
K00521	nad_binding	8	8
K00521	oxidase	8	8
K00521	oxidoreductase	8	8
K00522	metal_binding	29	29
K00522	oxidoreductase	29	29
K00525	oxidoreductase	41	41
K00526	oxidoreductase	46	46
K00527	oxidoreductase	9	9
K00528	nad_binding	14	15
K00528	oxidoreductase	14	15
K00529	nad_binding	17	18
K00529	oxidoreductase	18	18
K00535	nad_binding	17	17
K00535	oxidoreductase	17	17
K00537	oxidoreductase	10	11
K00540	oxidoreductase	9	9
K00542	methyltransferase	6	6
K00542	transferase	6	6
K00543	methyltransferase	6	6
K00543	transferase	6	6
K00544	methyltransferase	8	8
K00544	transferase	8	8
K00545	methyltransferase	15	15
K00545	transferase	15	15
K00546	methyltransferase	10	10
K00546	transferase	10	10
K00547	methyltransferase	18	18
K00547	transferase	18	18
K00548	methyltransferase	17	17
K00548	transferase	17	17
K00549	methyltransferase	286	286
K00549	transferase	286	286
K00551	methyltransferase	9	9
K00551	transferase	9	9
K00552	enzyme	5	5
K00552	methyltransferase	5	5
K00552	restriction_modification	5	5
K00552	sam_binding	5	5
K00552	transferase	5	5
K00554	methyltransferase	635	635
K00554	transferase	635	635
K00555	methyltransferase	60	60
K00555	transferase	60	60
K00556	methyltransferase	7	7
K00556	transferase	7	7
K00557	methyltransferase	184	184
K00557	transferase	184	184
K00558	dna_methylase	31	31
K00558	methyltransferase	31	31
K00558	transferase	31	31
K00559	methyltransferase	16	16
K00559	transferase	16	16
K00560	methyltransferase	413	413
K00560	transferase	413	413
K00561	methyltransferase	15	15
K00561	transferase	15	15
K00564	methyltransferase	140	141
K00564	transferase	140	141
K00565	methyltransferase	31	31
K00565	transferase	31	31
K00566	sulfurtransferase	717	717
K00566	transferase	717	717
K00567	methyltransferase	49	50
K00567	transferase	49	50
K00568	methyltransferase	240	240
K00568	transferase	240	240
K00569	methyltransferase	86	86
K00569	transferase	86	86
K00573	methyltransferase	326	326
K00573	transferase	326	326
K00575	methyltransferase	20	20
K00575	transferase	20	20
K00577	ion_transporter	20	23
K00577	translocase	20	23
K00577	transporter	20	23
K00578	ion_transporter	12	12
K00578	translocase	12	12
K00578	transporter	12	12
K00579	ion_transporter	11	11
K00579	translocase	11	11
K00579	transporter	11	11
K00580	ion_transporter	8	8
K00580	translocase	8	8
K00580	transporter	8	8
K00581	ion_transporter	13	13
K00581	translocase	13	13
K00581	transporter	13	13
K00582	ion_transporter	7	7
K00582	translocase	7	7
K00582	transporter	7	7
K00583	ion_transporter	8	8
K00583	translocase	8	8
K00583	transporter	8	8
K00586	methyltransferase	17	17
K00586	transferase	17	17
K00587	enzyme	9	11
K00587	methyltransferase	11	11
K00587	sam_binding	9	11
K00587	transferase	11	11
K00588	methyltransferase	10	10
K00588	transferase	10	10
K00591	methyltransferase	8	8
K00591	transferase	8	8
K00597	metal_binding	5	5
K00597	nad_binding	5	5
K00597	oxidoreductase	5	5
K00598	methyltransferase	88	88
K00598	transferase	88	88
K00599	methyltransferase	5	5
K00599	transferase	5	5
K00600	transferase	822	822
K00602	hydrolase	467	467
K00602	transferase	467	467
K00604	transferase	676	676
K00605	transferase	327	327
K00606	transferase	570	570
K00609	transferase	688	688
K00611	transferase	359	359
K00613	transferase	9	9
K00615	transferase	73	75
K00616	transferase	462	463
K00618	transferase	29	29
K00620	transferase	191	191
K00621	transferase	12	12
K00622	transferase	20	20
K00623	transferase	5	5
K00624	transferase	7	7
K00625	transferase	20	20
K00626	transferase	67	67
K00627	transferase	48	48
K00628	transferase	7	7
K00629	transferase	9	9
K00631	transferase	138	141
K00632	transferase	188	188
K00635	transferase	34	34
K00637	transferase	11	11
K00639	transferase	39	39
K00640	transferase	37	37
K00641	transferase	203	205
K00643	transferase	33	33
K00645	transferase	24	24
K00647	transferase	7	7
K00648	transferase	400	400
K00649	transferase	5	5
K00650	transferase	6	6
K00651	transferase	219	219
K00652	transferase	277	277
K00654	transferase	33	33
K00655	transferase	16	16
K00656	transferase	17	17
K00657	transferase	16	16
K00658	transferase	38	38
K00659	transferase	6	6
K00660	transferase	19	19
K00662	transferase	5	5
K00666	ligase	9	9
K00666	synthetase	9	9
K00667	dehydrogenase	7	8
K00667	nad_binding	7	8
K00667	oxidoreductase	7	8
K00667	transferase	8	8
K00668	dehydratase	8	9
K00668	hydrolase	8	9
K00668	lyase	8	9
K00668	nad_binding	8	9
K00668	oxidoreductase	8	9
K00668	transferase	9	9
K00669	transferase	10	10
K00670	transferase	8	8
K00671	transferase	27	27
K00673	transferase	53	53
K00674	transferase	318	318
K00677	transferase	261	261
K00681	hydrolase	15	16
K00681	peptidase	15	16
K00681	protease	15	16
K00681	transferase	16	16
K00683	transferase	11	12
K00684	transferase	302	302
K00685	transferase	8	8
K00686	transferase	19	19
K00688	glycosyltransferase	41	42
K00688	transferase	41	42
K00693	glycosyltransferase	16	16
K00693	transferase	16	16
K00694	glycosyltransferase	5	5
K00694	transferase	5	5
K00695	glycosyltransferase	22	22
K00695	transferase	22	22
K00696	glycosyltransferase	11	11
K00696	transferase	11	11
K00697	glycosyltransferase	51	51
K00697	transferase	51	51
K00698	glycosyltransferase	76	77
K00698	transferase	76	77
K00699	glycosyltransferase	47	47
K00699	transferase	47	47
K00700	glycosyltransferase	279	279
K00700	transferase	279	279
K00703	glycosyltransferase	338	338
K00703	transferase	338	338
K00705	glycosyltransferase	18	18
K00705	transferase	18	18
K00706	glycosyltransferase	10	10
K00706	transferase	10	10
K00710	glycosyltransferase	65	69
K00710	transferase	65	69
K00714	regulator	10	10
K00714	regulatory	10	10
K00717	glycosyltransferase	9	9
K00717	transferase	9	9
K00718	glycosyltransferase	13	13
K00718	transferase	13	13
K00719	glycosyltransferase	5	5
K00719	transferase	5	5
K00720	glycosyltransferase	15	15
K00720	transferase	15	15
K00721	glycosyltransferase	14	14
K00721	transferase	14	14
K00726	glycosyltransferase	6	6
K00726	transferase	6	6
K00728	glycosyltransferase	31	31
K00728	transferase	31	31
K00729	carbohydrate_active	9	11
K00729	enzyme	9	11
K00729	glycosyltransferase	11	11
K00729	transferase	11	11
K00731	glycosyltransferase	11	11
K00731	transferase	11	11
K00735	glycosyltransferase	5	5
K00735	transferase	5	5
K00736	glycosyltransferase	5	5
K00736	transferase	5	5
K00743	glycosyltransferase	6	6
K00743	transferase	6	6
K00744	carbohydrate_active	5	5
K00744	enzyme	5	5
K00744	glycosyltransferase	5	5
K00744	transferase	5	5
K00748	glycosyltransferase	254	255
K00748	transferase	254	255
K00749	glycosyltransferase	5	5
K00749	transferase	5	5
K00750	biosynthesis	10	10
K00750	carbohydrate_active	10	10
K00750	central_metabolism	10	10
K00750	energy_metabolism	10	10
K00750	enzyme	9	10
K00750	exopolysaccharide	10	10
K00750	glycosyltransferase	10	10
K00750	sugar_metabolism	10	10
K00750	transferase	10	10
K00752	glycosyltransferase	16	17
K00752	transferase	16	17
K00756	glycosyltransferase	14	14
K00756	transferase	14	14
K00757	glycosyltransferase	14	15
K00757	transferase	14	15
K00758	glycosyltransferase	137	137
K00758	transferase	137	137
K00759	glycosyltransferase	686	686
K00759	transferase	686	686
K00760	glycosyltransferase	47	47
K00760	transferase	47	47
K00761	glycosyltransferase	494	494
K00761	transferase	494	494
K00762	glycosyltransferase	444	445
K00762	transferase	444	445
K00763	ligase	160	160
K00763	synthetase	160	160
K00764	glycosyltransferase	37	37
K00764	transferase	37	37
K00765	glycosyltransferase	525	525
K00765	transferase	525	525
K00766	glycosyltransferase	552	553
K00766	transferase	552	553
K00767	glycosyltransferase	25	25
K00767	transferase	25	25
K00768	glycosyltransferase	203	203
K00768	transferase	203	203
K00769	glycosyltransferase	125	125
K00769	transferase	125	125
K00771	glycosyltransferase	13	13
K00771	transferase	13	13
K00772	glycosyltransferase	55	55
K00772	transferase	55	55
K00773	glycosyltransferase	459	459
K00773	transferase	459	459
K00777	glycosyltransferase	9	9
K00777	transferase	9	9
K00779	glycosyltransferase	7	7
K00779	transferase	7	7
K00783	methyltransferase	612	612
K00783	transferase	612	612
K00784	endonuclease	291	329
K00784	hydrolase	329	329
K00784	nuclease	291	329
K00784	rnase	291	329
K00787	transferase	18	18
K00788	transferase	332	332
K00789	transferase	713	725
K00790	transferase	558	558
K00791	transferase	784	784
K00793	transferase	23	23
K00794	transferase	600	600
K00795	transferase	6	6
K00796	transferase	29	29
K00797	transferase	225	225
K00798	transferase	9	9
K00799	transferase	185	198
K00800	transferase	566	566
K00801	transferase	17	17
K00803	transferase	7	7
K00804	transferase	17	19
K00806	transferase	151	151
K00809	transferase	66	67
K00810	transferase	9	9
K00812	aminotransferase	23	23
K00812	plp_binding	23	23
K00812	transferase	23	23
K00813	aminotransferase	5	5
K00813	plp_binding	5	5
K00813	transferase	5	5
K00814	aminotransferase	13	14
K00814	plp_binding	14	14
K00814	transferase	13	14
K00815	aminotransferase	11	11
K00815	plp_binding	11	11
K00815	transferase	11	11
K00816	aminotransferase	9	9
K00816	lyase	8	9
K00816	plp_binding	9	9
K00816	transferase	9	9
K00817	aminotransferase	524	524
K00817	plp_binding	524	524
K00817	transferase	524	524
K00818	aminotransferase	10	10
K00818	plp_binding	10	10
K00818	transferase	10	10
K00819	aminotransferase	50	50
K00819	plp_binding	50	50
K00819	transferase	50	50
K00820	aminotransferase	162	164
K00820	plp_binding	162	164
K00820	transferase	162	164
K00821	aminotransferase	88	89
K00821	plp_binding	88	89
K00821	transferase	88	89
K00823	enzyme	7	8
K00824	aminotransferase	15	15
K00824	plp_binding	15	15
K00824	transferase	15	15
K00825	aminotransferase	5	5
K00825	plp_binding	5	5
K00825	transferase	5	5
K00826	aminotransferase	60	61
K00826	plp_binding	60	61
K00826	transferase	60	61
K00827	aminotransferase	8	8
K00827	plp_binding	8	8
K00827	transferase	8	8
K00830	aminotransferase	14	14
K00830	plp_binding	14	14
K00830	transferase	14	14
K00831	aminotransferase	264	264
K00831	plp_binding	264	264
K00831	transferase	264	264
K00832	aminotransferase	5	5
K00832	plp_binding	5	5
K00832	transferase	5	5
K00833	aminotransferase	26	26
K00833	plp_binding	26	26
K00833	transferase	26	26
K00836	aminotransferase	19	19
K00836	plp_binding	19	19
K00836	transferase	19	19
K00838	aminotransferase	5	5
K00838	plp_binding	5	5
K00838	transferase	5	5
K00840	aminotransferase	49	49
K00840	plp_binding	49	49
K00840	transferase	49	49
K00844	atp_binding	42	43
K00844	kinase	42	43
K00844	transferase	42	43
K00845	atp_binding	137	140
K00845	kinase	137	140
K00845	transferase	137	140
K00847	atp_binding	19	19
K00847	kinase	19	19
K00847	transferase	19	19
K00848	atp_binding	65	65
K00848	kinase	65	65
K00848	transferase	65	65
K00849	atp_binding	135	136
K00849	kinase	135	136
K00849	transferase	135	136
K00850	atp_binding	283	283
K00850	kinase	283	283
K00850	transferase	283	283
K00851	atp_binding	10	10
K00851	kinase	10	10
K00851	transferase	10	10
K00852	atp_binding	14	14
K00852	kinase	14	14
K00852	transferase	14	14
K00853	atp_binding	75	75
K00853	kinase	75	75
K00853	transferase	75	75
K00854	atp_binding	22	22
K00854	kinase	22	22
K00854	transferase	22	22
K00856	atp_binding	13	13
K00856	kinase	13	13
K00856	transferase	13	13
K00857	atp_binding	199	199
K00857	kinase	199	199
K00857	transferase	199	199
K00858	atp_binding	538	538
K00858	kinase	538	538
K00858	transferase	538	538
K00859	atp_binding	258	260
K00859	kinase	258	260
K00859	transferase	258	260
K00860	atp_binding	129	129
K00860	kinase	129	129
K00860	transferase	129	129
K00861	atp_binding	21	21
K00861	kinase	21	21
K00861	transferase	21	21
K00863	atp_binding	7	7
K00863	enzyme	7	7
K00863	kinase	7	7
K00863	phosphotransferase	7	7
K00863	transferase	7	7
K00864	atp_binding	427	427
K00864	kinase	427	427
K00864	transferase	427	427
K00867	atp_binding	234	234
K00867	kinase	234	234
K00867	transferase	234	234
K00868	atp_binding	115	115
K00868	kinase	115	115
K00868	transferase	115	115
K00869	atp_binding	23	23
K00869	kinase	23	23
K00869	transferase	23	23
K00871	enzyme	7	8
K00871	kinase	8	8
K00871	phosphotransferase	7	8
K00871	serine_threonine_kinase	8	8
K00871	transferase	8	8
K00872	atp_binding	340	340
K00872	kinase	340	340
K00872	transferase	340	340
K00873	atp_binding	80	80
K00873	kinase	80	80
K00873	transferase	80	80
K00874	atp_binding	7	7
K00874	kinase	7	7
K00874	transferase	7	7
K00876	atp_binding	231	233
K00876	kinase	231	233
K00876	transferase	231	233
K00877	atp_binding	5	5
K00877	kinase	5	5
K00877	transferase	5	5
K00878	atp_binding	316	316
K00878	kinase	316	316
K00878	transferase	316	316
K00879	atp_binding	5	5
K00879	kinase	5	5
K00879	transferase	5	5
K00882	atp_binding	12	12
K00882	kinase	12	12
K00882	transferase	12	12
K00884	atp_binding	5	5
K00884	kinase	5	5
K00884	transferase	5	5
K00885	atp_binding	55	55
K00885	kinase	55	55
K00885	transferase	55	55
K00888	atp_binding	8	8
K00888	kinase	8	8
K00888	transferase	8	8
K00889	atp_binding	27	27
K00889	kinase	27	27
K00889	transferase	27	27
K00891	atp_binding	459	459
K00891	kinase	459	459
K00891	transferase	459	459
K00893	atp_binding	8	8
K00893	enzyme	7	8
K00893	kinase	8	8
K00893	nucleotide_metabolism	7	8
K00893	phosphotransferase	7	8
K00893	transferase	8	8
K00894	atp_binding	11	11
K00894	kinase	11	11
K00894	transferase	11	11
K00895	kinase	11	12
K00895	transferase	11	12
K00898	kinase	14	14
K00898	serine_threonine_kinase	14	14
K00898	transferase	14	14
K00899	atp_binding	45	45
K00899	kinase	45	45
K00899	transferase	45	45
K00901	atp_binding	52	52
K00901	kinase	52	52
K00901	transferase	52	52
K00902	atp_binding	6	6
K00902	kinase	6	6
K00902	transferase	6	6
K00903	atp_binding	6	6
K00903	kinase	6	6
K00903	transferase	6	6
K00906	hydrolase	120	120
K00906	kinase	120	120
K00906	phosphatase	120	120
K00906	serine_threonine_kinase	120	120
K00906	transferase	120	120
K00907	kinase	13	13
K00907	serine_threonine_kinase	13	13
K00907	transferase	13	13
K00909	kinase	10	10
K00909	serine_threonine_kinase	10	10
K00909	transferase	10	10
K00910	enzyme	9	11
K00910	kinase	11	11
K00910	phosphotransferase	9	11
K00910	regulator	10	11
K00910	regulatory	10	11
K00910	serine_threonine_kinase	11	11
K00910	transferase	11	11
K00911	atp_binding	9	9
K00911	kinase	9	9
K00911	transferase	9	9
K00912	atp_binding	370	370
K00912	kinase	370	370
K00912	transferase	370	370
K00913	atp_binding	20	20
K00913	kinase	20	20
K00913	transferase	20	20
K00914	atp_binding	15	15
K00914	kinase	15	15
K00914	transferase	15	15
K00915	atp_binding	8	8
K00915	kinase	8	8
K00915	transferase	8	8
K00917	atp_binding	49	49
K00917	kinase	49	49
K00917	transferase	49	49
K00918	atp_binding	12	12
K00918	kinase	12	12
K00918	transferase	12	12
K00919	atp_binding	580	580
K00919	kinase	580	580
K00919	transferase	580	580
K00920	atp_binding	16	16
K00920	kinase	16	16
K00920	transferase	16	16
K00921	atp_binding	10	10
K00921	kinase	10	10
K00921	transferase	10	10
K00922	atp_binding	13	13
K00922	kinase	13	13
K00922	regulator	12	13
K00922	regulatory	12	13
K00922	transferase	13	13
K00923	atp_binding	8	8
K00923	kinase	8	8
K00923	transferase	8	8
K00924	kinase	5	5
K00924	serine_threonine_kinase	5	5
K00924	transferase	5	5
K00925	atp_binding	340	340
K00925	kinase	340	340
K00925	transferase	340	340
K00926	atp_binding	41	44
K00926	kinase	41	44
K00926	transferase	41	44
K00927	atp_binding	662	662
K00927	kinase	662	662
K00927	transferase	662	662
K00928	atp_binding	36	36
K00928	kinase	36	36
K00928	transferase	36	36
K00929	atp_binding	46	46
K00929	kinase	46	46
K00929	transferase	46	46
K00930	atp_binding	546	546
K00930	kinase	546	546
K00930	transferase	546	546
K00931	atp_binding	434	435
K00931	kinase	434	435
K00931	transferase	434	435
K00932	atp_binding	12	12
K00932	kinase	12	12
K00932	transferase	12	12
K00933	atp_binding	19	19
K00933	kinase	19	19
K00933	transferase	19	19
K00934	atp_binding	7	7
K00934	kinase	7	7
K00934	transferase	7	7
K00937	atp_binding	81	81
K00937	kinase	81	81
K00937	transferase	81	81
K00938	atp_binding	7	7
K00938	kinase	7	7
K00938	transferase	7	7
K00939	atp_binding	820	821
K00939	kinase	820	821
K00939	transferase	820	821
K00940	atp_binding	691	695
K00940	kinase	695	695
K00940	transferase	695	695
K00941	atp_binding	19	19
K00941	kinase	19	19
K00941	transferase	19	19
K00942	atp_binding	332	332
K00942	kinase	332	332
K00942	transferase	332	332
K00943	atp_binding	594	594
K00943	kinase	594	594
K00943	transferase	594	594
K00944	atp_binding	7	7
K00944	kinase	7	7
K00944	transferase	7	7
K00945	atp_binding	535	535
K00945	kinase	535	535
K00945	transferase	535	535
K00946	atp_binding	27	27
K00946	kinase	27	27
K00946	transferase	27	27
K00948	atp_binding	188	188
K00948	kinase	188	188
K00948	transferase	188	188
K00949	atp_binding	11	11
K00949	kinase	11	11
K00949	transferase	11	11
K00950	atp_binding	23	23
K00950	kinase	23	23
K00950	transferase	23	23
K00951	atp_binding	16	16
K00951	kinase	16	16
K00951	transferase	16	16
K00952	nucleotidyltransferase	41	43
K00952	transferase	41	43
K00953	nucleotidyltransferase	11	11
K00953	transferase	11	11
K00954	nucleotidyltransferase	652	652
K00954	transferase	652	652
K00955	atp_binding	7	7
K00955	kinase	7	7
K00955	nucleotidyltransferase	7	7
K00955	transferase	7	7
K00956	nucleotidyltransferase	97	97
K00956	transferase	97	97
K00957	nucleotidyltransferase	214	214
K00957	transferase	214	214
K00958	nucleotidyltransferase	106	106
K00958	transferase	106	106
K00962	nucleotidyltransferase	770	770
K00962	transferase	770	770
K00963	nucleotidyltransferase	60	60
K00963	transferase	60	60
K00965	nucleotidyltransferase	47	47
K00965	transferase	47	47
K00966	nucleotidyltransferase	34	42
K00966	transferase	34	42
K00967	nucleotidyltransferase	8	8
K00967	transferase	8	8
K00968	biosynthesis	10	12
K00968	enzyme	10	12
K00968	lipid_metabolism	10	12
K00968	nucleotidyltransferase	12	12
K00968	phospholipid_metabolism	10	12
K00968	phosphotransferase	10	12
K00968	polymerase	10	12
K00968	transferase	12	12
K00969	nucleotidyltransferase	393	393
K00969	transferase	393	393
K00970	nucleotidyltransferase	6	6
K00970	transferase	6	6
K00971	nucleotidyltransferase	6	6
K00971	transferase	6	6
K00972	nucleotidyltransferase	12	12
K00972	transferase	12	12
K00973	nucleotidyltransferase	20	20
K00973	transferase	20	20
K00974	nucleotidyltransferase	329	329
K00974	transferase	329	329
K00975	nucleotidyltransferase	295	297
K00975	transferase	295	297
K00977	nucleotidyltransferase	7	7
K00977	transferase	7	7
K00979	nucleotidyltransferase	393	393
K00979	transferase	393	393
K00981	nucleotidyltransferase	59	60
K00981	transferase	59	60
K00982	nucleotidyltransferase	134	134
K00982	transferase	134	134
K00983	nucleotidyltransferase	5	5
K00983	transferase	5	5
K00987	nucleotidyltransferase	8	8
K00987	transferase	8	8
K00989	nucleotidyltransferase	414	414
K00989	transferase	414	414
K00990	hydrolase	179	179
K00990	nucleotidyltransferase	179	179
K00990	phosphodiesterase	179	179
K00990	transferase	179	179
K00991	nucleotidyltransferase	358	358
K00991	transferase	358	358
K00994	transferase	7	7
K00995	transferase	61	61
K00997	transferase	568	568
K00999	transferase	8	8
K01000	transferase	709	709
K01001	transferase	9	9
K01002	transferase	37	37
K01003	decarboxylase	30	30
K01003	lyase	30	30
K01004	transferase	9	9
K01006	atp_binding	11	11
K01006	kinase	11	11
K01006	transferase	11	11
K01007	atp_binding	16	16
K01007	kinase	16	16
K01007	transferase	16	16
K01008	atp_binding	99	100
K01008	kinase	99	100
K01008	transferase	99	100
K01011	sulfurtransferase	34	35
K01011	transferase	34	35
K01012	sulfurtransferase	577	578
K01012	transferase	577	578
K01014	sulfurtransferase	7	7
K01014	transferase	7	7
K01021	sulfurtransferase	11	11
K01021	transferase	11	11
K01023	sulfurtransferase	5	5
K01023	transferase	5	5
K01025	enzyme	17	18
K01025	sulfur_assimilation	15	18
K01025	sulfur_metabolism	15	18
K01025	sulfurtransferase	18	18
K01025	transferase	18	18
K01027	sulfurtransferase	11	11
K01027	transferase	11	11
K01028	sulfurtransferase	8	8
K01028	transferase	8	8
K01029	sulfurtransferase	8	8
K01029	transferase	8	8
K01042	transferase	124	129
K01044	esterase	16	17
K01044	hydrolase	17	17
K01045	esterase	13	13
K01045	hydrolase	13	13
K01046	esterase	22	22
K01046	hydrolase	22	22
K01047	esterase	35	38
K01047	hydrolase	35	38
K01049	esterase	10	10
K01049	hydrolase	10	10
K01051	esterase	48	49
K01051	hydrolase	49	49
K01052	esterase	8	8
K01052	hydrolase	8	8
K01053	esterase	12	12
K01053	hydrolase	12	12
K01054	esterase	7	7
K01054	hydrolase	7	7
K01056	esterase	713	714
K01056	hydrolase	713	714
K01057	esterase	42	44
K01057	hydrolase	42	44
K01058	esterase	6	6
K01058	hydrolase	6	6
K01059	esterase	11	11
K01059	hydrolase	11	11
K01061	esterase	12	12
K01061	hydrolase	12	12
K01062	esterase	11	11
K01062	hydrolase	11	11
K01066	esterase	37	37
K01066	hydrolase	37	37
K01067	hydrolase	12	12
K01068	carbohydrate_esterase	10	12
K01068	cytoplasmic	10	12
K01068	enzyme	10	12
K01068	esterase	10	12
K01068	hydrolase	12	12
K01069	hydrolase	288	288
K01070	hydrolase	36	36
K01073	hydrolase	5	5
K01074	hydrolase	15	15
K01076	hydrolase	19	19
K01077	hydrolase	20	20
K01077	phosphatase	20	20
K01078	hydrolase	8	8
K01078	phosphatase	8	8
K01079	hydrolase	26	26
K01079	phosphatase	26	26
K01080	hydrolase	13	13
K01080	phosphatase	13	13
K01081	hydrolase	20	21
K01081	phosphatase	20	21
K01082	hydrolase	26	26
K01082	phosphatase	26	26
K01084	hydrolase	12	12
K01084	phosphatase	12	12
K01086	hydrolase	12	12
K01086	phosphatase	12	12
K01087	hydrolase	34	34
K01087	phosphatase	34	34
K01089	dehydratase	68	68
K01089	hydrolase	64	68
K01089	lyase	68	68
K01089	phosphatase	64	68
K01090	hydrolase	6	6
K01090	phosphatase	6	6
K01091	hydrolase	55	55
K01091	phosphatase	54	55
K01092	hydrolase	48	50
K01092	phosphatase	48	50
K01098	hydrolase	9	9
K01102	cytoplasmic	9	10
K01102	hydrolase	10	10
K01102	phosphatase	10	10
K01104	hydrolase	12	12
K01104	phosphatase	12	12
K01106	hydrolase	5	5
K01106	phosphatase	5	5
K01108	hydrolase	7	7
K01108	phosphatase	7	7
K01109	hydrolase	7	7
K01109	phosphatase	7	7
K01110	hydrolase	12	12
K01110	phosphatase	12	12
K01114	hydrolase	18	18
K01114	phosphodiesterase	17	18
K01115	hydrolase	29	29
K01115	phosphodiesterase	29	29
K01116	hydrolase	5	5
K01116	phosphodiesterase	5	5
K01118	nad_binding	283	283
K01118	nitrogen_metabolism	283	283
K01118	oxidoreductase	283	283
K01120	carbohydrate_esterase	7	8
K01120	enzyme	7	8
K01120	esterase	7	8
K01120	hydrolase	8	8
K01120	phosphodiesterase	8	8
K01121	hydrolase	5	5
K01121	phosphodiesterase	5	5
K01128	hydrolase	8	8
K01128	phosphodiesterase	8	8
K01132	hydrolase	5	5
K01141	exonuclease	5	5
K01141	hydrolase	5	5
K01141	nuclease	5	5
K01142	exonuclease	9	9
K01142	hydrolase	9	9
K01142	nuclease	9	9
K01146	hydrolase	94	94
K01147	exonuclease	94	95
K01147	hydrolase	95	95
K01147	nuclease	94	95
K01147	rnase	94	95
K01148	exonuclease	11	11
K01148	hydrolase	11	11
K01148	nuclease	11	11
K01148	rnase	11	11
K01150	dnase	5	5
K01150	endonuclease	5	5
K01150	hydrolase	5	5
K01150	nuclease	5	5
K01151	dnase	265	266
K01151	endonuclease	265	266
K01151	hydrolase	265	266
K01151	nuclease	265	266
K01153	dnase	12	12
K01153	endonuclease	12	12
K01153	hydrolase	12	12
K01153	nuclease	12	12
K01155	dnase	6	6
K01155	endonuclease	6	6
K01155	hydrolase	6	6
K01155	nuclease	6	6
K01158	hydrolase	14	14
K01159	dnase	541	541
K01159	endonuclease	541	541
K01159	hydrolase	541	541
K01159	nuclease	541	541
K01160	dnase	10	10
K01160	endonuclease	10	10
K01160	hydrolase	10	10
K01160	nuclease	10	10
K01166	lyase	22	23
K01168	lyase	14	15
K01170	lyase	40	41
K01172	hydrolase	7	7
K01173	hydrolase	7	8
K01174	hydrolase	8	9
K01176	carbohydrate_active	40	42
K01176	glycosidase	36	42
K01176	hydrolase	36	42
K01177	carbohydrate_active	12	12
K01177	glycosidase	12	12
K01177	hydrolase	12	12
K01179	carbohydrate_active	69	69
K01179	glycosidase	69	69
K01179	hydrolase	69	69
K01180	carbohydrate_active	6	6
K01180	glycosidase	6	6
K01180	hydrolase	6	6
K01181	carbohydrate_active	53	53
K01181	glycosidase	53	53
K01181	hydrolase	53	53
K01182	carbohydrate_active	10	10
K01182	glycosidase	10	10
K01182	hydrolase	10	10
K01183	carbohydrate_active	52	55
K01183	glycosidase	52	55
K01183	hydrolase	53	55
K01184	carbohydrate_active	35	35
K01184	glycosidase	35	35
K01184	hydrolase	35	35
K01185	carbohydrate_active	15	15
K01185	glycosidase	15	15
K01185	hydrolase	15	15
K01186	carbohydrate_active	10	10
K01186	glycosidase	10	10
K01186	hydrolase	10	10
K01187	carbohydrate_active	27	27
K01187	glycosidase	27	27
K01187	hydrolase	27	27
K01188	carbohydrate_active	51	53
K01188	glycosidase	51	53
K01188	hydrolase	51	53
K01190	carbohydrate_active	62	62
K01190	glycosidase	62	62
K01190	hydrolase	62	62
K01191	carbohydrate_active	10	10
K01191	glycosidase	10	10
K01191	hydrolase	10	10
K01192	carbohydrate_active	15	15
K01192	glycosidase	15	15
K01192	hydrolase	15	15
K01193	carbohydrate_active	33	33
K01193	glycosidase	33	33
K01193	hydrolase	33	33
K01194	carbohydrate_active	98	98
K01194	glycosidase	98	98
K01194	hydrolase	98	98
K01195	carbohydrate_active	11	11
K01195	glycosidase	11	11
K01195	hydrolase	11	11
K01196	carbohydrate_active	6	6
K01196	glycosidase	6	6
K01196	glycosyltransferase	6	6
K01196	hydrolase	6	6
K01196	transferase	6	6
K01197	carbohydrate_active	27	27
K01197	glycosidase	27	27
K01197	hydrolase	27	27
K01199	carbohydrate_active	6	6
K01199	glycosidase	6	6
K01199	hydrolase	6	6
K01201	carbohydrate_active	10	10
K01201	glycosidase	10	10
K01201	hydrolase	10	10
K01202	carbohydrate_active	9	9
K01202	glycosidase	9	9
K01202	hydrolase	9	9
K01206	carbohydrate_active	14	14
K01206	glycosidase	14	14
K01206	hydrolase	14	14
K01207	carbohydrate_active	118	118
K01207	glycosidase	118	118
K01207	hydrolase	118	118
K01208	carbohydrate_active	5	5
K01208	glycosidase	5	5
K01208	hydrolase	5	5
K01209	carbohydrate_active	12	12
K01209	glycosidase	12	12
K01209	hydrolase	12	12
K01210	carbohydrate_active	26	26
K01210	glycosidase	26	26
K01210	hydrolase	26	26
K01213	carbohydrate_active	19	19
K01213	glycosidase	19	19
K01213	hydrolase	19	19
K01214	carbohydrate_active	10	10
K01214	glycosidase	10	10
K01214	hydrolase	10	10
K01218	carbohydrate_active	8	8
K01218	glycosidase	8	8
K01218	hydrolase	8	8
K01219	carbohydrate_active	5	5
K01219	glycosidase	5	5
K01219	hydrolase	5	5
K01220	carbohydrate_active	44	44
K01220	glycosidase	44	44
K01220	hydrolase	44	44
K01223	carbohydrate_active	7	7
K01223	glycosidase	7	7
K01223	hydrolase	7	7
K01224	carbohydrate_active	8	8
K01224	glycosidase	8	8
K01224	hydrolase	8	8
K01225	carbohydrate_active	17	17
K01225	glycosidase	17	17
K01225	hydrolase	17	17
K01228	carbohydrate_active	8	8
K01228	glycosidase	8	8
K01228	hydrolase	8	8
K01230	carbohydrate_active	18	18
K01230	glycosidase	18	18
K01230	hydrolase	18	18
K01231	carbohydrate_active	7	7
K01231	glycosidase	7	7
K01231	hydrolase	7	7
K01232	carbohydrate_active	6	6
K01232	glycosidase	6	6
K01232	hydrolase	6	6
K01235	carbohydrate_active	7	7
K01235	glycosidase	7	7
K01235	hydrolase	7	7
K01236	carbohydrate_active	5	5
K01236	glycosidase	5	5
K01236	hydrolase	5	5
K01237	carbohydrate_active	6	6
K01237	glycosidase	6	6
K01237	hydrolase	6	6
K01238	carbohydrate_active	9	10
K01238	glycosidase	9	10
K01238	hydrolase	9	10
K01240	glycosidase	5	5
K01240	hydrolase	5	5
K01242	glycosidase	5	5
K01242	glycosyltransferase	5	5
K01242	hydrolase	5	5
K01242	transferase	5	5
K01243	glycosidase	187	187
K01243	hydrolase	187	187
K01245	glycosidase	5	5
K01245	hydrolase	5	5
K01250	glycosidase	52	52
K01250	hydrolase	52	52
K01251	hydrolase	220	229
K01252	hydrolase	7	7
K01253	hydrolase	5	5
K01254	hydrolase	37	37
K01254	peptidase	36	37
K01254	protease	36	37
K01255	hydrolase	419	421
K01255	peptidase	419	421
K01255	protease	419	421
K01256	hydrolase	6	6
K01256	peptidase	6	6
K01256	protease	6	6
K01258	hydrolase	195	196
K01258	peptidase	195	196
K01258	protease	195	196
K01259	hydrolase	23	23
K01259	peptidase	23	23
K01259	protease	23	23
K01262	hydrolase	51	51
K01262	peptidase	51	51
K01262	protease	51	51
K01265	hydrolase	133	133
K01265	peptidase	133	133
K01265	protease	133	133
K01266	hydrolase	14	14
K01266	peptidase	14	14
K01266	protease	14	14
K01267	hydrolase	10	10
K01267	peptidase	10	10
K01267	protease	10	10
K01271	hydrolase	106	106
K01271	peptidase	106	106
K01271	protease	106	106
K01273	hydrolase	19	21
K01273	peptidase	19	21
K01273	protease	19	21
K01275	hydrolase	7	7
K01275	peptidase	7	7
K01275	protease	7	7
K01277	hydrolase	7	7
K01277	peptidase	7	7
K01277	protease	7	7
K01278	hydrolase	13	13
K01278	peptidase	13	13
K01278	protease	13	13
K01279	hydrolase	20	20
K01279	peptidase	20	20
K01279	protease	20	20
K01280	hydrolase	9	9
K01280	peptidase	9	9
K01280	protease	9	9
K01281	hydrolase	51	51
K01281	peptidase	51	51
K01281	protease	51	51
K01282	hydrolase	27	27
K01282	peptidase	27	27
K01282	protease	27	27
K01283	hydrolase	9	11
K01283	peptidase	9	11
K01283	protease	9	11
K01285	hydrolase	6	6
K01285	peptidase	6	6
K01285	protease	6	6
K01288	hydrolase	54	54
K01288	peptidase	54	54
K01288	protease	54	54
K01294	hydrolase	6	6
K01294	peptidase	6	6
K01294	protease	6	6
K01297	hydrolase	7	7
K01297	peptidase	7	7
K01297	protease	7	7
K01301	hydrolase	13	14
K01301	peptidase	13	14
K01301	protease	13	14
K01302	hydrolase	6	6
K01302	peptidase	6	6
K01302	protease	6	6
K01303	hydrolase	8	8
K01303	peptidase	8	8
K01303	protease	8	8
K01304	hydrolase	144	144
K01304	peptidase	144	144
K01304	protease	144	144
K01307	hydrolase	10	10
K01307	peptidase	10	10
K01307	protease	10	10
K01309	hydrolase	10	12
K01309	peptidase	10	12
K01309	protease	10	12
K01310	hydrolase	5	5
K01310	peptidase	5	5
K01310	protease	5	5
K01312	hydrolase	39	40
K01312	peptidase	39	40
K01312	protease	39	40
K01313	hydrolase	5	5
K01313	peptidase	5	5
K01313	protease	5	5
K01314	hydrolase	6	6
K01314	peptidase	6	6
K01314	protease	6	6
K01315	hydrolase	8	8
K01315	peptidase	8	8
K01315	protease	8	8
K01317	hydrolase	5	5
K01317	peptidase	5	5
K01317	protease	5	5
K01318	hydrolase	49	49
K01318	peptidase	49	49
K01318	protease	49	49
K01320	hydrolase	5	5
K01320	peptidase	5	5
K01320	protease	5	5
K01321	hydrolase	9	9
K01321	peptidase	9	9
K01321	protease	9	9
K01322	hydrolase	8	8
K01322	peptidase	8	8
K01322	protease	8	8
K01325	hydrolase	21	21
K01325	peptidase	21	21
K01325	protease	21	21
K01326	hydrolase	7	7
K01326	peptidase	7	7
K01326	protease	7	7
K01328	hydrolase	5	5
K01328	peptidase	5	5
K01328	protease	5	5
K01329	hydrolase	8	8
K01329	peptidase	8	8
K01329	protease	8	8
K01330	hydrolase	5	5
K01330	peptidase	5	5
K01330	protease	5	5
K01331	hydrolase	7	7
K01331	peptidase	7	7
K01331	protease	7	7
K01334	hydrolase	7	7
K01334	peptidase	7	7
K01334	protease	7	7
K01336	hydrolase	13	13
K01336	peptidase	13	13
K01336	protease	13	13
K01338	hydrolase	145	146
K01338	peptidase	145	146
K01338	protease	145	146
K01340	hydrolase	9	9
K01340	peptidase	9	9
K01340	protease	9	9
K01343	hydrolase	6	6
K01343	peptidase	6	6
K01343	protease	6	6
K01344	hydrolase	5	5
K01344	peptidase	5	5
K01344	protease	5	5
K01346	hydrolase	6	6
K01346	peptidase	6	6
K01346	protease	6	6
K01348	hydrolase	7	7
K01348	peptidase	7	7
K01348	protease	7	7
K01349	enzyme	7	7
K01349	hydrolase	7	7
K01349	lon_protease	7	7
K01349	peptidase	7	7
K01349	protease	7	7
K01353	hydrolase	6	6
K01353	peptidase	6	6
K01353	protease	6	6
K01356	hydrolase	444	445
K01356	peptidase	444	445
K01356	protease	444	445
K01358	hydrolase	672	679
K01358	peptidase	672	679
K01358	protease	672	679
K01359	hydrolase	5	5
K01359	peptidase	5	5
K01359	protease	5	5
K01360	hydrolase	8	8
K01360	peptidase	8	8
K01360	protease	8	8
K01363	cysteine_protease	15	15
K01363	hydrolase	15	15
K01363	protease	15	15
K01364	cysteine_protease	6	6
K01364	hydrolase	6	6
K01364	protease	6	6
K01365	cysteine_protease	16	16
K01365	hydrolase	16	16
K01365	protease	16	16
K01366	cysteine_protease	9	9
K01366	hydrolase	9	9
K01366	protease	9	9
K01367	cysteine_protease	8	8
K01367	hydrolase	8	8
K01367	protease	8	8
K01368	cysteine_protease	5	5
K01368	hydrolase	5	5
K01368	protease	5	5
K01369	cysteine_protease	14	14
K01369	hydrolase	14	14
K01369	protease	14	14
K01370	cysteine_protease	8	8
K01370	hydrolase	8	8
K01370	protease	8	8
K01371	cysteine_protease	9	9
K01371	hydrolase	9	9
K01371	protease	9	9
K01372	cysteine_protease	7	7
K01372	hydrolase	7	7
K01372	protease	7	7
K01373	cysteine_protease	8	8
K01373	hydrolase	8	8
K01373	protease	8	8
K01376	cysteine_protease	12	12
K01376	hydrolase	12	12
K01376	protease	12	12
K01377	hydrolase	9	9
K01377	peptidase	9	9
K01377	protease	9	9
K01378	hydrolase	5	5
K01378	peptidase	5	5
K01378	protease	5	5
K01379	hydrolase	10	10
K01379	peptidase	10	10
K01379	protease	10	10
K01380	hydrolase	7	7
K01380	peptidase	7	7
K01380	protease	7	7
K01381	hydrolase	7	7
K01381	peptidase	7	7
K01381	protease	7	7
K01382	hydrolase	8	8
K01382	peptidase	8	8
K01382	protease	8	8
K01387	hydrolase	7	7
K01387	metal_binding	7	7
K01387	peptidase	7	7
K01387	protease	7	7
K01388	hydrolase	6	6
K01388	metal_binding	6	6
K01388	peptidase	6	6
K01388	protease	6	6
K01389	hydrolase	5	5
K01389	metal_binding	5	5
K01389	peptidase	5	5
K01389	protease	5	5
K01392	hydrolase	7	7
K01392	metal_binding	7	7
K01392	peptidase	7	7
K01392	protease	7	7
K01393	hydrolase	7	7
K01393	metal_binding	7	7
K01393	peptidase	7	7
K01393	protease	7	7
K01394	hydrolase	5	5
K01394	metal_binding	5	5
K01394	peptidase	5	5
K01394	protease	5	5
K01398	hydrolase	6	6
K01398	metal_binding	6	6
K01398	peptidase	6	6
K01398	protease	6	6
K01403	hydrolase	5	5
K01403	metal_binding	5	5
K01403	peptidase	5	5
K01403	protease	5	5
K01407	hydrolase	6	6
K01407	metal_binding	6	6
K01407	peptidase	6	6
K01407	protease	6	6
K01408	hydrolase	9	9
K01408	metal_binding	9	9
K01408	peptidase	9	9
K01408	protease	9	9
K01409	transferase	70	70
K01410	hydrolase	35	35
K01410	metal_binding	35	35
K01410	peptidase	35	35
K01410	protease	35	35
K01414	hydrolase	5	5
K01414	metal_binding	5	5
K01414	peptidase	5	5
K01414	protease	5	5
K01417	hydrolase	25	25
K01417	metal_binding	25	25
K01417	peptidase	25	25
K01417	protease	25	25
K01419	hydrolase	427	427
K01419	peptidase	427	427
K01419	protease	427	427
K01423	hydrolase	7	7
K01423	peptidase	7	7
K01423	protease	7	7
K01424	amidase	25	25
K01424	hydrolase	25	25
K01425	amidase	181	181
K01425	hydrolase	181	181
K01426	amidase	52	53
K01426	hydrolase	52	53
K01427	amidase	7	7
K01427	hydrolase	7	7
K01428	amidase	247	247
K01428	hydrolase	247	247
K01429	amidase	234	234
K01429	hydrolase	234	234
K01430	amidase	249	249
K01430	hydrolase	249	249
K01431	amidase	7	7
K01431	hydrolase	7	7
K01433	amidase	11	11
K01433	hydrolase	11	11
K01437	amidase	24	24
K01437	hydrolase	24	24
K01438	hydrolase	87	88
K01439	amidase	390	406
K01439	hydrolase	406	406
K01441	amidase	7	8
K01441	hydrolase	7	8
K01442	amidase	5	5
K01442	enzyme	5	5
K01442	hydrolase	5	5
K01443	amidase	12	12
K01443	hydrolase	12	12
K01447	amidase	8	8
K01447	hydrolase	8	8
K01448	amidase	30	32
K01448	hydrolase	30	32
K01452	amidase	8	8
K01452	hydrolase	8	8
K01462	amidase	465	479
K01462	hydrolase	465	479
K01464	hydrolase	32	32
K01465	hydrolase	334	338
K01466	hydrolase	48	48
K01468	hydrolase	272	272
K01476	hydrolase	43	43
K01477	hydrolase	35	39
K01478	hydrolase	140	141
K01479	hydrolase	95	95
K01480	hydrolase	68	68
K01481	hydrolase	10	12
K01482	hydrolase	11	11
K01483	lyase	78	78
K01484	hydrolase	135	135
K01486	hydrolase	154	154
K01487	hydrolase	10	10
K01488	hydrolase	150	150
K01489	hydrolase	129	129
K01490	hydrolase	14	14
K01491	hydrolase	794	794
K01491	nad_binding	794	794
K01491	oxidoreductase	794	794
K01493	hydrolase	9	9
K01494	hydrolase	416	416
K01495	hydrolase	367	368
K01496	hydrolase	289	289
K01497	hydrolase	130	130
K01499	hydrolase	30	30
K01501	amidase	16	18
K01501	enzyme	16	18
K01501	hydrolase	17	18
K01505	hydrolase	42	42
K01507	hydrolase	123	123
K01510	hydrolase	15	15
K01511	hydrolase	8	8
K01512	hydrolase	261	261
K01513	hydrolase	8	8
K01513	phosphodiesterase	8	8
K01514	hydrolase	6	6
K01515	hydrolase	8	8
K01517	hydrolase	8	8
K01518	hydrolase	6	6
K01519	hydrolase	307	308
K01520	hydrolase	439	439
K01521	hydrolase	45	45
K01522	hydrolase	8	8
K01523	hydrolase	275	275
K01524	hydrolase	91	93
K01525	hydrolase	193	193
K01526	hydrolase	5	5
K01528	cytoplasmic	9	11
K01528	gtp_binding	11	11
K01528	hydrolase	11	11
K01528	membrane	9	11
K01528	transporter	9	11
K01529	hydrolase	85	85
K01530	atp_binding	38	38
K01530	translocase	38	38
K01530	transporter	38	38
K01531	ion_transporter	5	5
K01531	translocase	5	5
K01531	transporter	5	5
K01533	ion_transporter	12	12
K01533	translocase	12	12
K01533	transporter	12	12
K01534	ion_transporter	15	16
K01534	translocase	15	16
K01534	transporter	15	16
K01535	translocase	22	23
K01535	transporter	22	23
K01537	ion_transporter	40	40
K01537	translocase	40	40
K01537	transporter	40	40
K01539	ion_transporter	24	24
K01539	translocase	24	24
K01539	transporter	24	24
K01542	ion_transporter	5	5
K01542	translocase	5	5
K01542	transporter	5	5
K01547	ion_transporter	119	119
K01547	translocase	119	119
K01547	transporter	119	119
K01551	hydrolase	87	97
K01552	membrane	44	47
K01552	translocase	44	47
K01552	transporter	44	47
K01555	hydrolase	10	10
K01556	hydrolase	74	74
K01557	isomerase	11	12
K01562	oxidoreductase	10	10
K01563	hydrolase	26	26
K01566	hydrolase	6	6
K01568	decarboxylase	22	22
K01568	lyase	22	22
K01573	ion_transporter	22	23
K01573	translocase	22	23
K01573	transporter	22	23
K01574	decarboxylase	29	29
K01574	lyase	29	29
K01575	decarboxylase	7	7
K01575	lyase	7	7
K01579	decarboxylase	409	409
K01579	lyase	409	409
K01580	decarboxylase	41	41
K01580	lyase	41	41
K01581	decarboxylase	19	20
K01581	lyase	19	20
K01582	decarboxylase	5	5
K01582	lyase	5	5
K01585	decarboxylase	96	96
K01585	lyase	96	96
K01586	decarboxylase	38	39
K01586	lyase	38	39
K01587	decarboxylase	8	8
K01587	ligase	8	8
K01587	lyase	8	8
K01587	synthetase	8	8
K01588	isomerase	23	25
K01588	mutase	23	25
K01589	ligase	28	28
K01589	synthetase	28	28
K01590	decarboxylase	13	13
K01590	lyase	13	13
K01591	decarboxylase	517	517
K01591	lyase	517	517
K01593	carbohydrate_active	10	12
K01593	decarboxylase	12	12
K01593	enzyme	10	12
K01593	lyase	12	12
K01595	decarboxylase	241	241
K01595	lyase	241	241
K01596	decarboxylase	87	88
K01596	lyase	87	88
K01597	decarboxylase	16	16
K01597	lyase	16	16
K01598	decarboxylase	9	10
K01598	lyase	9	10
K01599	decarboxylase	506	506
K01599	lyase	506	506
K01601	decarboxylase	153	155
K01601	lyase	153	155
K01609	decarboxylase	367	367
K01609	lyase	367	367
K01610	decarboxylase	275	275
K01610	lyase	275	275
K01611	decarboxylase	256	256
K01611	lyase	256	256
K01613	decarboxylase	470	470
K01613	lyase	470	470
K01616	decarboxylase	13	14
K01616	lyase	13	14
K01616	oxidoreductase	14	14
K01616	transferase	14	14
K01619	lyase	334	334
K01620	lyase	8	9
K01621	lyase	40	40
K01622	carbohydrate_active	9	11
K01622	carbohydrate_esterase	10	11
K01622	enzyme	10	11
K01622	esterase	10	11
K01622	hydrolase	11	11
K01622	lyase	11	11
K01622	phosphatase	11	11
K01623	lyase	70	70
K01624	lyase	55	55
K01625	lyase	11	11
K01626	transferase	31	31
K01627	transferase	316	316
K01628	lyase	13	13
K01629	lyase	65	65
K01630	lyase	43	43
K01633	lyase	31	31
K01634	lyase	13	13
K01635	lyase	41	41
K01637	lyase	41	41
K01638	transferase	89	89
K01639	lyase	82	82
K01640	lyase	12	12
K01641	transferase	67	67
K01644	lyase	6	6
K01647	transferase	63	63
K01648	transferase	18	18
K01649	transferase	414	415
K01652	transferase	27	29
K01653	transferase	21	26
K01655	transferase	5	5
K01657	lyase	48	48
K01658	lyase	28	28
K01659	transferase	13	14
K01661	lyase	20	20
K01662	transferase	515	515
K01666	lyase	126	126
K01667	lyase	49	49
K01668	lyase	9	9
K01669	lyase	18	19
K01671	lyase	5	5
K01672	dehydratase	38	40
K01672	lyase	38	40
K01673	dehydratase	29	29
K01673	lyase	29	29
K01674	dehydratase	13	13
K01674	lyase	13	13
K01675	dehydratase	6	6
K01675	lyase	6	6
K01676	dehydratase	7	7
K01676	lyase	7	7
K01679	dehydratase	98	98
K01679	lyase	98	98
K01681	dehydratase	23	23
K01681	lyase	23	23
K01682	dehydratase	6	6
K01682	lyase	6	6
K01684	dehydratase	45	45
K01684	lyase	45	45
K01686	dehydratase	124	124
K01686	lyase	124	124
K01687	dehydratase	571	571
K01687	lyase	571	571
K01689	dehydratase	862	863
K01689	lyase	862	863
K01690	dehydratase	7	7
K01690	lyase	7	7
K01692	dehydratase	21	21
K01692	lyase	21	21
K01693	dehydratase	472	472
K01693	lyase	472	472
K01695	dehydratase	522	522
K01695	lyase	522	522
K01696	dehydratase	405	405
K01696	lyase	405	405
K01697	dehydratase	11	13
K01697	lyase	11	13
K01698	dehydratase	47	47
K01698	lyase	47	47
K01703	dehydratase	527	528
K01703	lyase	527	528
K01704	dehydratase	494	494
K01704	lyase	494	494
K01705	dehydratase	16	16
K01705	lyase	16	16
K01706	dehydratase	5	5
K01706	lyase	5	5
K01707	dehydratase	57	57
K01707	lyase	57	57
K01710	dehydratase	25	25
K01710	lyase	25	25
K01711	dehydratase	17	17
K01711	lyase	17	17
K01712	dehydratase	164	164
K01712	lyase	164	164
K01714	lyase	483	483
K01716	dehydratase	189	189
K01716	isomerase	189	189
K01716	lyase	189	189
K01719	dehydratase	16	18
K01719	lyase	16	18
K01720	dehydratase	13	13
K01720	lyase	13	13
K01723	dehydratase	7	7
K01723	lyase	7	7
K01724	dehydratase	252	252
K01724	lyase	252	252
K01725	dehydratase	109	109
K01725	lyase	109	109
K01727	lyase	5	5
K01728	lyase	43	43
K01729	lyase	15	15
K01732	lyase	19	19
K01733	lyase	26	26
K01734	lyase	201	201
K01735	lyase	520	520
K01736	lyase	709	709
K01737	lyase	28	28
K01738	transferase	49	50
K01739	transferase	14	14
K01741	glycosidase	9	9
K01741	hydrolase	9	9
K01741	lyase	9	9
K01744	lyase	10	10
K01745	lyase	195	195
K01749	transferase	467	467
K01750	lyase	5	5
K01752	lyase	12	12
K01753	lyase	107	107
K01754	lyase	49	49
K01755	lyase	599	601
K01756	lyase	46	46
K01758	lyase	9	9
K01759	lyase	25	27
K01760	lyase	14	16
K01761	carbohydrate_active	6	6
K01761	enzyme	6	6
K01761	lyase	6	6
K01762	lyase	12	12
K01763	lyase	6	6
K01764	lyase	11	11
K01766	sulfurtransferase	6	6
K01766	transferase	6	6
K01768	lyase	14	14
K01769	lyase	21	21
K01770	lyase	428	428
K01772	lyase	419	419
K01775	isomerase	351	351
K01775	racemase	351	351
K01776	isomerase	329	329
K01776	racemase	329	329
K01778	isomerase	418	418
K01778	racemase	418	418
K01782	dehydratase	81	81
K01782	dehydrogenase	81	81
K01782	isomerase	81	81
K01782	lyase	81	81
K01782	nad_binding	81	81
K01782	oxidoreductase	81	81
K01782	racemase	78	81
K01783	isomerase	44	45
K01783	racemase	44	45
K01784	isomerase	42	44
K01784	racemase	42	44
K01785	isomerase	15	15
K01785	racemase	15	15
K01787	isomerase	5	5
K01787	racemase	5	5
K01788	isomerase	140	140
K01788	racemase	140	140
K01790	isomerase	11	12
K01790	racemase	11	12
K01791	isomerase	12	12
K01791	racemase	12	12
K01793	isomerase	5	5
K01793	racemase	5	5
K01800	isomerase	13	15
K01802	isomerase	44	44
K01803	isomerase	599	599
K01804	isomerase	113	113
K01805	isomerase	166	166
K01807	isomerase	459	459
K01808	isomerase	19	19
K01809	isomerase	26	26
K01810	isomerase	587	587
K01812	isomerase	131	131
K01813	isomerase	72	72
K01814	isomerase	582	583
K01815	isomerase	91	91
K01816	isomerase	8	8
K01817	isomerase	301	301
K01818	isomerase	60	60
K01819	isomerase	110	110
K01821	isomerase	60	60
K01823	isomerase	263	263
K01824	isomerase	7	7
K01825	dehydratase	113	113
K01825	dehydrogenase	113	113
K01825	isomerase	113	113
K01825	lyase	113	113
K01825	nad_binding	113	113
K01825	oxidoreductase	113	113
K01825	racemase	113	113
K01827	isomerase	5	5
K01830	isomerase	10	10
K01831	dehydratase	5	5
K01831	enzyme	5	5
K01831	isomerase	5	5
K01831	lyase	5	5
K01832	dehydratase	5	5
K01832	isomerase	5	5
K01832	lyase	5	5
K01834	isomerase	437	437
K01834	mutase	437	437
K01835	isomerase	41	41
K01835	mutase	41	41
K01836	isomerase	7	7
K01836	mutase	7	7
K01837	isomerase	5	5
K01837	mutase	5	5
K01839	isomerase	274	275
K01839	mutase	274	275
K01840	isomerase	10	10
K01840	mutase	10	10
K01843	isomerase	7	7
K01843	mutase	7	7
K01845	isomerase	665	666
K01845	mutase	665	666
K01846	isomerase	11	11
K01846	mutase	11	11
K01847	isomerase	16	16
K01847	mutase	16	16
K01850	isomerase	8	8
K01850	mutase	8	8
K01852	isomerase	11	11
K01852	mutase	11	11
K01854	isomerase	5	5
K01854	mutase	5	5
K01855	isomerase	6	6
K01855	mutase	6	6
K01858	isomerase	27	29
K01859	isomerase	12	12
K01866	ligase	539	539
K01866	translation	539	539
K01866	trna_synthetase	539	539
K01867	ligase	165	165
K01867	translation	165	165
K01867	trna_synthetase	165	165
K01868	ligase	693	693
K01868	translation	693	693
K01868	trna_synthetase	693	693
K01869	ligase	757	757
K01869	translation	757	757
K01869	trna_synthetase	757	757
K01870	ligase	566	566
K01870	translation	566	566
K01870	trna_synthetase	566	566
K01872	ligase	707	710
K01872	translation	707	710
K01872	trna_synthetase	707	710
K01873	ligase	333	333
K01873	translation	333	333
K01873	trna_synthetase	333	333
K01874	ligase	492	492
K01874	translation	492	492
K01874	trna_synthetase	492	492
K01875	ligase	814	815
K01875	translation	815	815
K01875	trna_synthetase	815	815
K01876	ligase	693	693
K01876	translation	693	693
K01876	trna_synthetase	693	693
K01878	ligase	387	387
K01878	translation	387	387
K01878	trna_synthetase	387	387
K01879	ligase	344	344
K01879	translation	344	344
K01879	trna_synthetase	344	344
K01880	ligase	116	116
K01880	translation	116	116
K01880	trna_synthetase	116	116
K01881	ligase	830	830
K01881	translation	830	830
K01881	trna_synthetase	830	830
K01883	ligase	732	732
K01883	translation	732	732
K01883	trna_synthetase	732	732
K01885	ligase	742	742
K01885	translation	742	742
K01885	trna_synthetase	742	742
K01886	ligase	151	151
K01886	translation	151	151
K01886	trna_synthetase	151	151
K01887	ligase	736	736
K01887	translation	736	736
K01887	trna_synthetase	736	736
K01889	ligase	655	655
K01889	translation	655	655
K01889	trna_synthetase	655	655
K01890	ligase	334	334
K01890	translation	334	334
K01890	trna_synthetase	334	334
K01892	ligase	690	696
K01892	translation	690	696
K01892	trna_synthetase	690	696
K01893	ligase	283	283
K01893	translation	283	283
K01893	trna_synthetase	283	283
K01894	ligase	77	77
K01894	translation	77	77
K01894	trna_synthetase	77	77
K01895	ligase	190	190
K01895	synthetase	190	190
K01896	ligase	15	15
K01896	synthetase	15	15
K01897	ligase	52	52
K01897	synthetase	52	52
K01899	ligase	14	14
K01899	synthetase	14	14
K01900	ligase	15	15
K01900	synthetase	15	15
K01902	ligase	28	28
K01902	synthetase	28	28
K01903	ligase	511	511
K01903	synthetase	511	511
K01904	ligase	23	23
K01904	synthetase	23	23
K01906	ligase	50	50
K01906	synthetase	50	50
K01907	ligase	8	8
K01907	synthetase	8	8
K01908	ligase	7	8
K01908	synthetase	7	8
K01909	ligase	6	6
K01909	synthetase	6	6
K01911	ligase	46	46
K01911	synthetase	46	46
K01914	ligase	152	152
K01914	synthetase	152	152
K01915	ligase	106	106
K01915	synthetase	106	106
K01916	ligase	290	290
K01916	synthetase	290	290
K01918	ligase	531	531
K01918	synthetase	531	531
K01919	ligase	111	111
K01919	synthetase	111	111
K01920	ligase	50	50
K01920	synthetase	50	50
K01921	ligase	583	584
K01921	synthetase	583	584
K01922	ligase	8	8
K01922	synthetase	7	8
K01923	ligase	521	521
K01923	synthetase	521	521
K01924	ligase	672	672
K01924	synthetase	672	672
K01925	ligase	469	469
K01925	synthetase	469	469
K01928	ligase	165	165
K01928	synthetase	165	165
K01929	ligase	16	16
K01929	synthetase	16	16
K01930	ligase	12	12
K01930	synthetase	12	12
K01931	transferase	5	5
K01933	ligase	468	468
K01933	synthetase	468	468
K01935	ligase	248	248
K01935	synthetase	248	248
K01937	ligase	685	685
K01937	synthetase	685	685
K01938	ligase	295	295
K01938	synthetase	295	295
K01939	ligase	782	782
K01939	synthetase	781	782
K01940	ligase	594	595
K01940	synthetase	594	595
K01942	ligase	6	6
K01942	synthetase	6	6
K01945	ligase	102	103
K01945	synthetase	102	103
K01950	ligase	23	23
K01950	synthetase	23	23
K01951	ligase	656	657
K01951	synthetase	656	657
K01952	ligase	65	65
K01952	synthetase	65	65
K01953	ligase	24	25
K01953	synthetase	24	25
K01955	ligase	245	245
K01955	synthetase	245	245
K01956	ligase	188	188
K01956	synthetase	188	188
K01958	biotin_binding	8	8
K01958	carboxylase	8	8
K01958	ligase	8	8
K01961	ligase	12	12
K01961	synthetase	12	12
K01962	transferase	454	454
K01963	transferase	441	441
K01965	biotin_binding	7	7
K01965	carboxylase	7	7
K01965	ligase	7	7
K01966	biotin_binding	7	7
K01966	carboxylase	7	7
K01966	ligase	7	7
K01968	ligase	9	9
K01969	biotin_binding	7	8
K01969	carboxylase	7	8
K01969	ligase	7	8
K01971	ligase	6	6
K01971	ligase_dna	6	6
K01972	ligase	861	861
K01972	ligase_dna	861	861
K01974	ligase	83	83
K01974	ligase_dna	83	83
K01975	hydrolase	11	11
K01975	phosphodiesterase	11	11
K01988	carbohydrate_active	5	5
K01988	enzyme	5	5
K01988	glycosyltransferase	5	5
K01988	transferase	5	5
K02006	membrane	51	53
K02006	translocase	52	53
K02006	transporter	52	53
K02010	ion_transporter	35	37
K02010	translocase	36	37
K02010	transporter	36	37
K02017	translocase	70	71
K02017	transporter	70	71
K02031	translocase	21	24
K02031	transporter	21	24
K02032	translocase	20	23
K02032	transporter	20	23
K02036	translocase	367	367
K02036	transporter	367	367
K02041	translocase	129	131
K02041	transporter	129	131
K02045	translocase	58	58
K02045	transporter	58	58
K02062	atp_binding	44	46
K02062	translocase	46	46
K02062	transporter	46	46
K02071	translocase	254	254
K02071	transporter	254	254
K02083	hydrolase	6	6
K02087	kinase	13	13
K02087	serine_threonine_kinase	13	13
K02087	transferase	13	13
K02089	kinase	7	7
K02089	serine_threonine_kinase	7	7
K02089	transferase	7	7
K02090	kinase	7	7
K02090	serine_threonine_kinase	7	7
K02090	transferase	7	7
K02111	translocase	807	807
K02111	transporter	807	807
K02112	translocase	778	778
K02112	transporter	778	778
K02117	translocase	130	130
K02117	transporter	130	130
K02133	translocase	20	20
K02133	transporter	20	20
K02145	translocase	23	23
K02145	transporter	23	23
K02169	methyltransferase	56	56
K02169	transferase	56	56
K02170	esterase	105	105
K02170	hydrolase	105	105
K02182	ligase	42	42
K02182	synthetase	42	42
K02187	cysteine_protease	11	11
K02187	hydrolase	11	11
K02187	protease	11	11
K02188	methyltransferase	180	180
K02188	transferase	180	180
K02191	methyltransferase	27	27
K02191	transferase	27	27
K02193	atp_binding	120	120
K02193	translocase	120	120
K02193	transporter	120	120
K02201	nucleotidyltransferase	19	19
K02201	transferase	19	19
K02202	kinase	12	12
K02202	serine_threonine_kinase	12	12
K02202	transferase	12	12
K02204	atp_binding	94	94
K02204	kinase	94	94
K02204	transferase	94	94
K02206	kinase	13	13
K02206	serine_threonine_kinase	13	13
K02206	transferase	13	13
K02207	transferase	6	6
K02208	kinase	31	31
K02208	serine_threonine_kinase	31	31
K02208	transferase	31	31
K02209	atp_binding	12	12
K02209	atpase	12	12
K02209	hydrolase	12	12
K02210	atp_binding	11	11
K02210	atpase	11	11
K02210	hydrolase	11	11
K02211	kinase	10	10
K02211	serine_threonine_kinase	10	10
K02211	transferase	10	10
K02212	atp_binding	10	10
K02212	atpase	10	10
K02212	hydrolase	10	10
K02214	kinase	10	10
K02214	serine_threonine_kinase	10	10
K02214	transferase	10	10
K02216	kinase	11	11
K02216	serine_threonine_kinase	11	11
K02216	transferase	11	11
K02217	metal_binding	23	24
K02217	oxidoreductase	23	24
K02218	kinase	16	16
K02218	serine_threonine_kinase	16	16
K02218	transferase	16	16
K02224	ligase	55	55
K02224	synthetase	55	55
K02233	transferase	245	245
K02256	electron_transport	58	60
K02256	translocase	58	60
K02256	transporter	58	60
K02257	transferase	537	537
K02259	oxidoreductase	165	165
K02261	electron_transport	61	61
K02261	translocase	61	61
K02261	transporter	61	61
K02262	electron_transport	51	51
K02262	translocase	51	51
K02262	transporter	51	51
K02274	electron_transport	25	25
K02274	translocase	25	25
K02274	transporter	25	25
K02275	electron_transport	20	21
K02275	translocase	20	21
K02275	transporter	20	21
K02276	electron_transport	18	18
K02276	translocase	18	18
K02276	transporter	18	18
K02288	lyase	5	5
K02291	transferase	16	17
K02293	oxidoreductase	7	7
K02298	electron_transport	8	8
K02298	translocase	8	8
K02298	transporter	8	8
K02302	lyase	140	140
K02302	methyltransferase	140	140
K02302	nad_binding	140	140
K02302	oxidoreductase	140	140
K02302	transferase	140	140
K02303	methyltransferase	8	8
K02303	transferase	8	8
K02314	isomerase	31	31
K02315	atp_binding	7	7
K02315	atpase	7	7
K02315	hydrolase	7	7
K02316	nucleotidyltransferase	116	118
K02316	transferase	116	118
K02319	nucleotidyltransferase	15	15
K02319	transferase	15	15
K02320	nucleotidyltransferase	9	9
K02320	transferase	9	9
K02322	exonuclease	32	32
K02322	hydrolase	32	32
K02322	nuclease	32	32
K02322	nucleotidyltransferase	32	32
K02322	transferase	32	32
K02323	exonuclease	9	9
K02323	hydrolase	9	9
K02323	nuclease	9	9
K02323	nucleotidyltransferase	9	9
K02323	transferase	9	9
K02324	nucleotidyltransferase	18	18
K02324	transferase	18	18
K02327	nucleotidyltransferase	12	12
K02327	transferase	12	12
K02330	lyase	5	5
K02330	nucleotidyltransferase	5	5
K02330	transferase	5	5
K02332	nucleotidyltransferase	7	7
K02332	transferase	7	7
K02335	nucleotidyltransferase	23	23
K02335	transferase	23	23
K02337	nucleotidyltransferase	63	63
K02337	transferase	63	63
K02340	nucleotidyltransferase	11	13
K02340	transferase	11	13
K02342	nucleotidyltransferase	16	18
K02342	transferase	16	18
K02343	nucleotidyltransferase	12	12
K02343	transferase	12	12
K02346	nucleotidyltransferase	214	216
K02346	transferase	214	216
K02350	nucleotidyltransferase	6	6
K02350	stress_response	6	6
K02350	transferase	6	6
K02352	esterase	13	13
K02352	hydrolase	13	13
K02358	gtp_binding	745	748
K02358	hydrolase	745	748
K02361	isomerase	6	6
K02361	mutase	6	6
K02362	transferase	6	6
K02363	ligase	5	5
K02363	synthetase	5	5
K02365	cysteine_protease	7	7
K02365	hydrolase	7	7
K02365	protease	7	7
K02366	glycosyltransferase	7	8
K02366	transferase	7	8
K02372	dehydratase	563	564
K02372	lyase	563	564
K02377	dehydrogenase	14	14
K02377	nad_binding	14	14
K02377	oxidoreductase	14	14
K02412	translocase	16	17
K02412	transporter	16	17
K02427	methyltransferase	408	408
K02427	transferase	408	408
K02431	isomerase	59	59
K02431	racemase	59	59
K02433	amidase	595	595
K02433	hydrolase	595	595
K02434	ligase	611	611
K02434	synthetase	611	611
K02438	carbohydrate_active	62	62
K02438	glycosidase	62	62
K02438	hydrolase	62	62
K02439	sulfurtransferase	110	110
K02439	transferase	110	110
K02441	hydrolase	59	60
K02441	peptidase	59	60
K02441	protease	59	60
K02446	hydrolase	17	17
K02446	phosphatase	17	17
K02449	kinase	5	5
K02449	serine_threonine_kinase	5	5
K02449	transferase	5	5
K02467	isomerase	6	6
K02469	isomerase	72	72
K02470	isomerase	73	74
K02472	dehydrogenase	14	14
K02472	nad_binding	14	14
K02472	oxidoreductase	14	14
K02492	nad_binding	569	569
K02492	oxidoreductase	569	569
K02493	methyltransferase	82	82
K02493	transferase	82	82
K02495	oxidoreductase	16	18
K02500	lyase	608	608
K02501	amidase	259	259
K02501	hydrolase	259	259
K02501	lyase	259	259
K02510	lyase	35	35
K02513	sulfurtransferase	7	7
K02513	transferase	7	7
K02514	sulfurtransferase	5	5
K02514	transferase	5	5
K02516	methyltransferase	12	12
K02516	transferase	12	12
K02527	glycosyltransferase	17	18
K02527	transferase	18	18
K02528	methyltransferase	652	652
K02528	transferase	652	652
K02535	amidase	315	315
K02535	hydrolase	315	315
K02536	transferase	324	324
K02537	regulator	7	8
K02537	regulatory	7	8
K02540	atp_binding	9	9
K02540	atpase	9	9
K02540	hydrolase	9	9
K02541	atp_binding	15	15
K02541	atpase	15	15
K02541	hydrolase	15	15
K02542	atp_binding	18	18
K02542	atpase	18	18
K02542	hydrolase	18	18
K02543	kinase	5	5
K02543	serine_threonine_kinase	5	5
K02543	transferase	5	5
K02548	transferase	6	6
K02549	dehydratase	89	89
K02549	lyase	89	89
K02551	transferase	261	261
K02552	isomerase	7	7
K02552	mutase	7	7
K02554	dehydratase	19	20
K02554	lyase	20	20
K02563	glycosyltransferase	682	682
K02563	transferase	682	682
K02564	hydrolase	281	282
K02567	heme_binding	133	133
K02567	oxidoreductase	133	133
K02576	hydrolase	6	6
K02576	sulfurtransferase	6	6
K02576	transferase	6	6
K02585	lyase	7	8
K02586	oxidoreductase	9	9
K02588	oxidoreductase	72	72
K02591	oxidoreductase	10	10
K02599	regulator	8	8
K02599	regulatory	8	8
K02599	signaling	7	8
K02621	isomerase	32	32
K02622	isomerase	30	30
K02626	decarboxylase	43	43
K02626	lyase	43	43
K02636	electron_transport	44	44
K02636	translocase	44	44
K02636	transporter	44	44
K02641	nad_binding	16	16
K02641	oxidoreductase	16	16
K02654	hydrolase	10	10
K02654	methyltransferase	9	10
K02654	peptidase	10	10
K02654	protease	10	10
K02654	transferase	9	10
K02677	kinase	14	14
K02677	serine_threonine_kinase	14	14
K02677	transferase	14	14
K02683	nucleotidyltransferase	54	54
K02683	transferase	54	54
K02684	nucleotidyltransferase	7	7
K02684	transferase	7	7
K02687	methyltransferase	465	465
K02687	transferase	465	465
K02689	oxidoreductase	59	59
K02690	oxidoreductase	55	55
K02691	oxidoreductase	67	67
K02703	oxidoreductase	90	90
K02706	oxidoreductase	57	57
K02737	hydrolase	11	11
K02737	peptidase	11	11
K02737	protease	11	11
K02738	hydrolase	11	11
K02738	peptidase	11	11
K02738	protease	11	11
K02739	hydrolase	10	10
K02739	peptidase	10	10
K02739	protease	10	10
K02740	hydrolase	5	5
K02740	peptidase	5	5
K02740	protease	5	5
K02741	hydrolase	5	5
K02741	peptidase	5	5
K02741	protease	5	5
K02760	atp_binding	7	7
K02760	kinase	7	7
K02760	transferase	7	7
K02770	atp_binding	7	8
K02770	kinase	7	8
K02770	transferase	7	8
K02774	atp_binding	5	5
K02774	kinase	5	5
K02774	transferase	5	5
K02779	atp_binding	7	7
K02779	kinase	7	7
K02779	transferase	7	7
K02788	atp_binding	10	10
K02788	kinase	10	10
K02788	transferase	10	10
K02794	atp_binding	5	5
K02794	kinase	5	5
K02794	transferase	5	5
K02800	atp_binding	23	23
K02800	kinase	23	23
K02800	transferase	23	23
K02810	atp_binding	19	19
K02810	kinase	19	19
K02810	transferase	19	19
K02822	atp_binding	12	12
K02822	kinase	12	12
K02822	transferase	12	12
K02825	glycosyltransferase	193	195
K02825	transferase	193	195
K02826	oxidoreductase	18	18
K02827	oxidoreductase	15	15
K02828	oxidoreductase	15	15
K02829	oxidoreductase	15	15
K02843	glycosyltransferase	6	6
K02843	transferase	6	6
K02846	oxidoreductase	49	49
K02851	transferase	16	16
K02852	glycosyltransferase	62	62
K02852	transferase	62	62
K02857	hydrolase	7	8
K02857	peptidase	7	8
K02857	protease	7	8
K02858	lyase	148	148
K02999	nucleotidyltransferase	8	8
K02999	transferase	8	8
K03002	nucleotidyltransferase	12	12
K03002	transferase	12	12
K03006	nucleotidyltransferase	14	14
K03006	transferase	14	14
K03010	nucleotidyltransferase	14	14
K03010	transferase	14	14
K03012	rna_polymerase	7	8
K03018	nucleotidyltransferase	9	9
K03018	transferase	9	9
K03021	nucleotidyltransferase	7	7
K03021	transferase	7	7
K03040	nucleotidyltransferase	665	665
K03040	transferase	665	665
K03041	nucleotidyltransferase	10	10
K03041	transferase	10	10
K03042	nucleotidyltransferase	36	36
K03042	transferase	36	36
K03043	nucleotidyltransferase	741	741
K03043	transferase	741	741
K03044	nucleotidyltransferase	7	7
K03044	transferase	7	7
K03045	nucleotidyltransferase	6	6
K03045	transferase	6	6
K03046	nucleotidyltransferase	779	779
K03046	transferase	779	779
K03047	nucleotidyltransferase	34	34
K03047	transferase	34	34
K03053	nucleotidyltransferase	46	46
K03053	transferase	46	46
K03055	nucleotidyltransferase	28	28
K03055	transferase	28	28
K03056	nucleotidyltransferase	45	45
K03056	transferase	45	45
K03058	nucleotidyltransferase	55	55
K03058	transferase	55	55
K03059	nucleotidyltransferase	33	33
K03059	transferase	33	33
K03060	nucleotidyltransferase	645	645
K03060	transferase	645	645
K03070	translocase	793	793
K03070	transporter	793	793
K03077	isomerase	40	40
K03077	racemase	40	40
K03078	decarboxylase	42	42
K03078	lyase	42	42
K03079	isomerase	42	42
K03079	racemase	42	42
K03083	kinase	15	15
K03083	serine_threonine_kinase	15	15
K03083	transferase	15	15
K03097	kinase	25	25
K03097	serine_threonine_kinase	25	25
K03097	transferase	25	25
K03100	hydrolase	41	47
K03100	peptidase	41	47
K03100	protease	41	47
K03101	hydrolase	415	415
K03101	peptidase	415	415
K03101	protease	415	415
K03103	hydrolase	7	7
K03103	phosphatase	7	7
K03106	gtp_binding	95	95
K03106	hydrolase	95	95
K03110	gtp_binding	37	38
K03110	hydrolase	37	38
K03134	transcription	7	8
K03146	glycosyltransferase	25	25
K03146	transferase	25	25
K03147	lyase	432	432
K03149	sulfurtransferase	386	386
K03149	transferase	386	386
K03151	sulfurtransferase	286	286
K03151	transferase	286	286
K03163	isomerase	17	17
K03164	isomerase	19	20
K03165	isomerase	14	14
K03166	isomerase	18	18
K03167	isomerase	32	32
K03168	isomerase	64	64
K03169	isomerase	28	28
K03170	isomerase	23	23
K03175	transferase	10	10
K03177	isomerase	497	497
K03177	mutase	497	497
K03178	ligase	10	10
K03178	synthetase	10	10
K03179	transferase	222	222
K03181	lyase	145	145
K03182	decarboxylase	149	156
K03182	lyase	149	156
K03183	methyltransferase	379	380
K03183	transferase	379	380
K03186	transferase	32	32
K03196	atp_binding	8	8
K03196	atpase	8	8
K03196	hydrolase	8	8
K03199	atp_binding	7	7
K03199	atpase	7	7
K03199	hydrolase	7	7
K03207	hydrolase	5	5
K03212	methyltransferase	99	99
K03212	transferase	99	99
K03215	methyltransferase	229	229
K03215	transferase	229	229
K03216	methyltransferase	24	24
K03216	transferase	24	24
K03218	methyltransferase	70	70
K03218	transferase	70	70
K03224	translocase	5	5
K03224	transporter	5	5
K03235	atp_binding	12	13
K03235	atpase	12	13
K03235	hydrolase	12	13
K03242	gtp_binding	43	43
K03242	hydrolase	43	43
K03257	atp_binding	55	55
K03257	atpase	55	55
K03257	hydrolase	55	55
K03269	hydrolase	161	161
K03270	hydrolase	9	9
K03270	phosphatase	9	9
K03271	isomerase	206	207
K03272	atp_binding	196	196
K03272	kinase	196	196
K03272	nucleotidyltransferase	196	196
K03272	transferase	196	196
K03273	hydrolase	32	33
K03273	phosphatase	32	33
K03274	isomerase	155	155
K03274	racemase	155	155
K03330	ligase	43	43
K03330	synthetase	43	43
K03331	dehydrogenase	7	7
K03331	nad_binding	7	7
K03331	oxidoreductase	7	7
K03335	dehydratase	37	37
K03335	lyase	37	37
K03336	hydrolase	24	24
K03337	isomerase	12	12
K03338	atp_binding	30	30
K03338	kinase	30	30
K03338	transferase	30	30
K03339	lyase	5	5
K03341	transferase	12	12
K03366	dehydrogenase	9	9
K03366	nad_binding	9	9
K03366	oxidoreductase	9	9
K03367	ligase	70	70
K03367	synthetase	70	70
K03370	glycosyltransferase	5	5
K03370	transferase	5	5
K03371	glycosyltransferase	6	6
K03371	transferase	6	6
K03377	transferase	9	9
K03383	amidase	9	11
K03383	enzyme	9	11
K03383	hydrolase	11	11
K03385	nitrogen_metabolism	77	77
K03385	oxidoreductase	77	77
K03386	oxidoreductase	60	60
K03386	peroxidase	60	60
K03387	nad_binding	13	14
K03387	oxidoreductase	13	14
K03387	sulfur_metabolism	13	14
K03388	oxidoreductase	8	8
K03388	sulfur_metabolism	8	8
K03389	oxidoreductase	10	10
K03389	sulfur_metabolism	10	10
K03390	oxidoreductase	10	10
K03390	sulfur_metabolism	10	10
K03392	decarboxylase	6	6
K03392	lyase	6	6
K03396	lyase	22	22
K03403	ligase	5	5
K03405	ligase	10	11
K03407	sensor_kinase	12	12
K03407	transferase	12	12
K03407	two_component	12	12
K03411	amidase	155	155
K03411	hydrolase	155	155
K03412	amidase	206	207
K03412	esterase	207	207
K03412	hydrolase	207	207
K03414	hydrolase	20	20
K03414	phosphatase	20	20
K03417	lyase	9	9
K03420	hydrolase	35	35
K03424	hydrolase	58	58
K03426	hydrolase	109	109
K03427	dna_methylase	8	8
K03427	methyltransferase	8	8
K03427	transferase	8	8
K03429	glycosyltransferase	38	38
K03429	transferase	38	38
K03430	aminotransferase	79	79
K03430	plp_binding	79	79
K03430	transferase	79	79
K03431	isomerase	679	679
K03431	mutase	679	679
K03433	hydrolase	178	178
K03433	peptidase	178	178
K03433	protease	178	178
K03434	amidase	8	8
K03434	hydrolase	8	8
K03438	methyltransferase	831	831
K03438	transferase	831	831
K03439	methyltransferase	537	537
K03439	transferase	537	537
K03462	glycosyltransferase	8	8
K03462	transferase	8	8
K03465	methyltransferase	77	77
K03465	transferase	77	77
K03469	endonuclease	338	341
K03469	hydrolase	339	341
K03469	nuclease	338	341
K03469	rnase	338	341
K03470	endonuclease	690	690
K03470	hydrolase	690	690
K03470	nuclease	690	690
K03470	rnase	690	690
K03471	endonuclease	93	93
K03471	hydrolase	93	93
K03471	nuclease	93	93
K03471	rnase	93	93
K03472	nad_binding	92	92
K03472	oxidoreductase	92	92
K03473	dehydrogenase	151	151
K03473	nad_binding	151	151
K03473	oxidoreductase	151	151
K03474	transferase	255	255
K03476	esterase	38	38
K03476	hydrolase	38	38
K03478	amidase	54	54
K03478	hydrolase	54	54
K03500	methyltransferase	86	86
K03500	transferase	86	86
K03501	methyltransferase	669	669
K03501	transferase	669	669
K03503	hydrolase	6	6
K03503	peptidase	6	6
K03503	protease	6	6
K03509	enzyme	6	6
K03509	replication	6	6
K03509	stress_response	6	6
K03509	transferase	6	6
K03511	nucleotidyltransferase	5	5
K03511	stress_response	5	5
K03511	transferase	5	5
K03512	lyase	5	5
K03512	nucleotidyltransferase	5	5
K03512	transferase	5	5
K03514	nucleotidyltransferase	8	9
K03514	transferase	8	9
K03515	nucleotidyltransferase	8	8
K03515	stress_response	7	8
K03515	transferase	8	8
K03517	transferase	246	246
K03524	ligase	7	7
K03524	synthetase	7	7
K03525	atp_binding	364	364
K03525	kinase	364	364
K03525	transferase	364	364
K03526	oxidoreductase	436	436
K03527	oxidoreductase	434	435
K03534	isomerase	97	97
K03534	racemase	97	97
K03536	endonuclease	496	496
K03536	hydrolase	496	496
K03536	nuclease	496	496
K03536	rnase	496	496
K03537	endonuclease	41	45
K03537	hydrolase	41	45
K03537	nuclease	41	45
K03537	rnase	41	45
K03538	endonuclease	30	37
K03538	hydrolase	30	37
K03538	nuclease	30	37
K03538	rnase	30	37
K03539	endonuclease	27	30
K03539	hydrolase	27	30
K03539	nuclease	27	30
K03539	rnase	27	30
K03540	endonuclease	43	46
K03540	hydrolase	43	46
K03540	nuclease	43	46
K03540	rnase	43	46
K03545	isomerase	724	725
K03551	atp_binding	703	704
K03551	atpase	703	704
K03551	hydrolase	703	704
K03552	dnase	13	13
K03552	endonuclease	13	13
K03552	hydrolase	13	13
K03552	nuclease	13	13
K03564	oxidoreductase	19	19
K03564	peroxidase	19	19
K03568	hydrolase	11	11
K03568	peptidase	11	11
K03568	protease	11	11
K03574	hydrolase	19	19
K03575	glycosidase	17	17
K03575	hydrolase	17	17
K03580	atp_binding	118	118
K03580	atpase	118	118
K03580	hydrolase	118	118
K03581	isomerase	10	11
K03582	exonuclease	12	12
K03582	hydrolase	12	12
K03582	isomerase	12	12
K03582	nuclease	12	12
K03587	hydrolase	11	13
K03587	peptidase	11	13
K03587	protease	11	13
K03588	glycosyltransferase	76	77
K03588	transferase	76	77
K03594	metal_binding	17	20
K03594	oxidoreductase	17	20
K03596	gtp_binding	714	714
K03596	hydrolase	714	714
K03601	exonuclease	418	419
K03601	hydrolase	418	419
K03601	nuclease	418	419
K03602	exonuclease	428	428
K03602	hydrolase	428	428
K03602	nuclease	428	428
K03612	membrane	41	43
K03612	translocase	42	43
K03612	transporter	42	43
K03613	membrane	103	106
K03613	translocase	106	106
K03613	transporter	106	106
K03614	membrane	110	113
K03614	translocase	113	113
K03614	transporter	113	113
K03615	membrane	71	73
K03615	translocase	73	73
K03615	transporter	73	73
K03616	membrane	105	108
K03616	translocase	107	108
K03616	transporter	107	108
K03617	membrane	127	130
K03617	translocase	130	130
K03617	transporter	130	130
K03621	transferase	564	565
K03628	atp_binding	46	46
K03628	atpase	46	46
K03628	hydrolase	46	46
K03635	sulfurtransferase	69	72
K03635	transferase	69	72
K03637	lyase	358	359
K03639	lyase	265	265
K03642	lyase	24	25
K03644	sulfurtransferase	611	611
K03644	transferase	611	611
K03648	glycosidase	391	391
K03648	hydrolase	391	391
K03649	glycosidase	49	49
K03649	hydrolase	49	49
K03650	hydrolase	584	587
K03651	hydrolase	24	24
K03651	phosphodiesterase	24	24
K03652	glycosidase	206	206
K03652	hydrolase	206	206
K03653	glycosidase	22	22
K03653	hydrolase	22	22
K03653	lyase	22	22
K03654	isomerase	7	7
K03655	isomerase	29	29
K03656	isomerase	6	6
K03657	isomerase	34	35
K03660	glycosidase	7	7
K03660	hydrolase	7	7
K03660	lyase	7	7
K03663	glycosyltransferase	7	7
K03663	transferase	7	7
K03669	glycosyltransferase	58	58
K03669	transferase	58	58
K03683	exonuclease	79	79
K03683	hydrolase	79	79
K03683	nuclease	79	79
K03683	rnase	79	79
K03684	exonuclease	20	20
K03684	hydrolase	20	20
K03684	nuclease	20	20
K03684	rnase	20	20
K03685	endonuclease	497	498
K03685	hydrolase	497	498
K03685	nuclease	497	498
K03685	rnase	497	498
K03688	transferase	155	155
K03691	glycosyltransferase	16	16
K03691	transferase	16	16
K03698	hydrolase	30	30
K03700	dnase	108	108
K03700	endonuclease	108	108
K03700	hydrolase	108	108
K03700	nuclease	108	108
K03707	hydrolase	16	17
K03715	glycosyltransferase	9	9
K03715	transferase	9	9
K03723	atp_binding	30	30
K03723	atpase	30	30
K03723	hydrolase	30	30
K03724	enzyme	7	8
K03724	helicase	7	8
K03724	isomerase	8	8
K03726	isomerase	27	27
K03732	atp_binding	121	121
K03732	atpase	121	121
K03732	hydrolase	121	121
K03734	atp_binding	12	12
K03734	kinase	12	12
K03734	transferase	12	12
K03736	lyase	73	73
K03737	oxidoreductase	6	6
K03738	oxidoreductase	6	6
K03741	oxidoreductase	39	39
K03750	transferase	19	21
K03752	nucleotidyltransferase	203	203
K03752	transferase	203	203
K03763	nucleotidyltransferase	63	63
K03763	transferase	63	63
K03766	glycosyltransferase	8	8
K03766	transferase	8	8
K03767	isomerase	36	36
K03768	isomerase	45	45
K03769	isomerase	12	12
K03771	isomerase	87	87
K03772	isomerase	10	10
K03773	isomerase	7	7
K03775	isomerase	14	14
K03778	dehydrogenase	19	19
K03778	nad_binding	19	19
K03778	oxidoreductase	19	19
K03779	dehydratase	8	8
K03779	lyase	8	8
K03780	dehydratase	8	8
K03780	lyase	8	8
K03781	oxidoreductase	92	92
K03781	peroxidase	92	92
K03782	oxidoreductase	318	318
K03782	peroxidase	318	318
K03783	glycosyltransferase	12	12
K03783	transferase	12	12
K03784	glycosyltransferase	196	196
K03784	transferase	196	196
K03785	dehydratase	182	182
K03785	lyase	182	182
K03786	dehydratase	353	354
K03786	lyase	354	354
K03787	hydrolase	503	503
K03787	phosphatase	503	503
K03788	hydrolase	17	17
K03788	phosphatase	17	17
K03789	transferase	13	13
K03790	transferase	5	5
K03792	glycosyltransferase	5	5
K03792	transferase	5	5
K03795	lyase	12	12
K03797	hydrolase	23	23
K03797	peptidase	23	23
K03797	protease	23	23
K03798	hydrolase	165	165
K03798	metal_binding	165	165
K03798	peptidase	165	165
K03798	protease	165	165
K03799	hydrolase	417	417
K03799	metal_binding	417	417
K03799	peptidase	417	417
K03799	protease	417	417
K03800	ligase	77	78
K03800	synthetase	77	78
K03801	transferase	427	427
K03809	nad_binding	150	155
K03809	oxidoreductase	150	155
K03813	glycosyltransferase	5	5
K03813	transferase	5	5
K03814	glycosyltransferase	161	161
K03814	transferase	161	161
K03816	glycosyltransferase	170	170
K03816	transferase	170	170
K03820	transferase	88	88
K03821	transferase	10	10
K03831	nucleotidyltransferase	6	6
K03831	transferase	6	6
K03841	hydrolase	366	366
K03841	phosphatase	366	366
K03842	glycosyltransferase	14	14
K03842	transferase	14	14
K03843	glycosyltransferase	12	12
K03843	transferase	12	12
K03844	glycosyltransferase	17	17
K03844	transferase	17	17
K03845	glycosyltransferase	22	22
K03845	transferase	22	22
K03846	glycosyltransferase	7	7
K03846	transferase	7	7
K03847	glycosyltransferase	7	7
K03847	transferase	7	7
K03848	glycosyltransferase	11	11
K03848	transferase	11	11
K03849	glycosyltransferase	19	19
K03849	transferase	19	19
K03850	glycosyltransferase	20	20
K03850	transferase	20	20
K03853	cysteine_protease	5	5
K03853	hydrolase	5	5
K03853	protease	5	5
K03854	glycosyltransferase	7	7
K03854	transferase	7	7
K03857	glycosyltransferase	5	5
K03857	transferase	5	5
K03878	electron_transport	45	45
K03878	translocase	45	45
K03878	transporter	45	45
K03879	electron_transport	47	47
K03879	translocase	47	47
K03879	transporter	47	47
K03880	electron_transport	51	51
K03880	translocase	51	51
K03880	transporter	51	51
K03881	electron_transport	42	42
K03881	translocase	42	42
K03881	transporter	42	42
K03882	electron_transport	73	73
K03882	translocase	73	73
K03882	transporter	73	73
K03883	electron_transport	45	46
K03883	translocase	45	46
K03883	transporter	45	46
K03884	electron_transport	45	45
K03884	translocase	45	45
K03884	transporter	45	45
K03885	nad_binding	35	36
K03885	oxidoreductase	35	36
K03889	electron_transport	7	7
K03889	translocase	7	7
K03889	transporter	7	7
K03891	electron_transport	8	8
K03891	translocase	8	8
K03891	transporter	8	8
K03905	secreted	5	5
K03921	oxidoreductase	22	22
K03921	oxygenase	22	22
K03924	hydrolase	48	52
K03927	esterase	5	5
K03927	hydrolase	5	5
K03934	electron_transport	13	13
K03934	translocase	13	13
K03934	transporter	13	13
K03935	electron_transport	11	11
K03935	translocase	11	11
K03935	transporter	11	11
K03936	electron_transport	11	11
K03936	translocase	11	11
K03936	transporter	11	11
K03940	electron_transport	11	12
K03940	translocase	11	12
K03940	transporter	11	12
K03941	electron_transport	14	14
K03941	translocase	14	14
K03941	transporter	14	14
K03942	electron_transport	9	10
K03942	translocase	9	10
K03942	transporter	9	10
K03943	electron_transport	10	10
K03943	translocase	10	10
K03943	transporter	10	10
K03976	lyase	6	6
K03979	gtp_binding	771	773
K03979	hydrolase	771	773
K03989	secreted	6	6
K04035	monooxygenase	36	36
K04035	nad_binding	36	36
K04035	oxidoreductase	36	36
K04035	oxygenase	36	36
K04037	oxidoreductase	77	77
K04038	oxidoreductase	59	59
K04039	oxidoreductase	76	76
K04041	hydrolase	69	69
K04041	phosphatase	69	69
K04042	nucleotidyltransferase	589	589
K04042	transferase	589	589
K04047	metal_binding	80	88
K04047	oxidoreductase	80	88
K04066	isomerase	22	27
K04068	oxidoreductase	8	8
K04069	oxidoreductase	25	26
K04072	dehydrogenase	6	6
K04072	nad_binding	6	6
K04072	oxidoreductase	6	6
K04073	nad_binding	121	122
K04073	oxidoreductase	121	122
K04075	ligase	304	305
K04075	synthetase	304	305
K04076	hydrolase	10	10
K04076	peptidase	10	10
K04076	protease	10	10
K04077	isomerase	935	962
K04084	nad_binding	47	47
K04084	oxidoreductase	47	47
K04084	sulfur_metabolism	47	47
K04091	flavin_binding	78	78
K04091	monooxygenase	78	78
K04091	oxidoreductase	78	78
K04091	oxygenase	78	78
K04093	isomerase	10	10
K04093	mutase	10	10
K04094	methyltransferase	255	255
K04094	transferase	255	255
K04095	nucleotidyltransferase	28	29
K04095	transferase	28	29
K04097	transferase	10	10
K04104	transferase	12	12
K04119	dehydrogenase	5	5
K04119	nad_binding	5	5
K04119	oxidoreductase	5	5
K04124	dioxygenase	6	6
K04124	oxidoreductase	6	6
K04124	oxygenase	6	6
K04125	dioxygenase	11	11
K04125	enzyme	11	11
K04125	halogenase	11	11
K04125	isoprenoid_biosynthesis	11	11
K04125	lipid_metabolism	11	11
K04125	oxidase	11	11
K04125	oxidoreductase	11	11
K04125	oxygenase	11	11
K04140	regulator	5	5
K04140	regulatory	5	5
K04173	tonb_dependent_receptor	7	8
K04246	inner_membrane	5	5
K04246	membrane	5	5
K04246	regulator	5	5
K04246	regulatory	5	5
K04345	kinase	22	22
K04345	serine_threonine_kinase	22	22
K04345	transferase	22	22
K04348	hydrolase	21	21
K04348	phosphatase	21	21
K04353	gtp_binding	7	7
K04353	hydrolase	7	7
K04361	atp_binding	7	7
K04361	kinase	7	7
K04361	transferase	7	7
K04362	atp_binding	9	9
K04362	kinase	9	9
K04362	transferase	9	9
K04365	kinase	5	5
K04365	serine_threonine_kinase	5	5
K04365	transferase	5	5
K04366	kinase	6	6
K04366	serine_threonine_kinase	6	6
K04366	transferase	6	6
K04367	kinase	5	5
K04367	serine_threonine_kinase	5	5
K04367	transferase	5	5
K04368	kinase	12	12
K04368	transferase	12	12
K04369	kinase	5	5
K04369	transferase	5	5
K04371	kinase	19	19
K04371	serine_threonine_kinase	19	19
K04371	transferase	19	19
K04372	kinase	11	11
K04372	serine_threonine_kinase	11	11
K04372	transferase	11	11
K04373	kinase	12	12
K04373	serine_threonine_kinase	12	12
K04373	transferase	12	12
K04382	hydrolase	34	34
K04382	phosphatase	34	34
K04385	regulator	5	5
K04385	regulatory	5	5
K04392	gtp_binding	45	45
K04392	hydrolase	45	45
K04393	gtp_binding	16	16
K04393	hydrolase	16	16
K04394	cysteine_protease	6	6
K04394	hydrolase	6	6
K04394	protease	6	6
K04397	cysteine_protease	5	5
K04397	hydrolase	5	5
K04397	protease	5	5
K04398	cysteine_protease	5	5
K04398	hydrolase	5	5
K04398	protease	5	5
K04409	kinase	19	19
K04409	serine_threonine_kinase	19	19
K04409	transferase	19	19
K04411	kinase	10	10
K04411	serine_threonine_kinase	10	10
K04411	transferase	10	10
K04412	kinase	8	8
K04412	serine_threonine_kinase	8	8
K04412	transferase	8	8
K04422	kinase	8	8
K04422	serine_threonine_kinase	8	8
K04422	transferase	8	8
K04427	kinase	9	9
K04427	serine_threonine_kinase	9	9
K04427	transferase	9	9
K04429	kinase	16	16
K04429	serine_threonine_kinase	16	16
K04429	transferase	16	16
K04431	enzyme	5	5
K04431	kinase	5	5
K04431	phosphotransferase	5	5
K04431	protein_binding	5	5
K04431	regulator	5	5
K04431	regulatory	5	5
K04431	signaling	5	5
K04431	stress_response	5	5
K04431	transferase	5	5
K04433	kinase	5	5
K04433	transferase	5	5
K04440	kinase	14	14
K04440	serine_threonine_kinase	14	14
K04440	transferase	14	14
K04441	kinase	52	52
K04441	serine_threonine_kinase	52	52
K04441	transferase	52	52
K04445	kinase	6	6
K04445	serine_threonine_kinase	6	6
K04445	transferase	6	6
K04447	atp_binding	6	6
K04447	kinase	6	6
K04447	transferase	6	6
K04456	kinase	17	17
K04456	serine_threonine_kinase	17	17
K04456	transferase	17	17
K04457	hydrolase	5	5
K04457	phosphatase	5	5
K04459	hydrolase	20	20
K04459	phosphatase	20	20
K04460	hydrolase	11	12
K04460	phosphatase	11	12
K04461	hydrolase	5	5
K04461	phosphatase	5	5
K04464	kinase	9	9
K04464	serine_threonine_kinase	9	9
K04464	transferase	9	9
K04467	kinase	5	5
K04467	serine_threonine_kinase	5	5
K04467	transferase	5	5
K04468	kinase	7	7
K04468	serine_threonine_kinase	7	7
K04468	transferase	7	7
K04477	hydrolase	110	110
K04477	phosphatase	110	110
K04478	glycosyltransferase	18	18
K04478	transferase	18	18
K04479	nucleotidyltransferase	12	12
K04479	transferase	12	12
K04485	atp_binding	34	34
K04485	atpase	34	34
K04485	hydrolase	34	34
K04486	hydrolase	7	7
K04486	phosphatase	7	7
K04487	sulfurtransferase	185	186
K04487	transferase	185	186
K04498	transferase	9	9
K04499	atp_binding	22	22
K04499	atpase	22	22
K04499	hydrolase	22	22
K04506	transferase	27	28
K04513	gtp_binding	19	19
K04513	hydrolase	19	19
K04515	kinase	24	24
K04515	serine_threonine_kinase	24	24
K04515	transferase	24	24
K04517	nad_binding	18	18
K04517	oxidoreductase	18	18
K04518	dehydratase	25	25
K04518	lyase	25	25
K04521	hydrolase	6	6
K04521	peptidase	6	6
K04521	protease	6	6
K04522	hydrolase	8	8
K04522	peptidase	8	8
K04522	protease	8	8
K04552	transferase	7	7
K04554	transferase	13	13
K04555	transferase	6	6
K04556	enzyme	5	5
K04556	transferase	5	5
K04556	ubiquitin_ligase	5	5
K04563	kinase	8	8
K04563	serine_threonine_kinase	8	8
K04563	transferase	8	8
K04564	oxidative_stress	151	155
K04564	oxidoreductase	151	155
K04564	superoxide_dismutase	151	155
K04565	oxidative_stress	83	84
K04565	oxidoreductase	83	84
K04565	superoxide_dismutase	83	84
K04566	ligase	45	45
K04566	translation	45	45
K04566	trna_synthetase	45	45
K04567	ligase	455	455
K04567	translation	455	455
K04567	trna_synthetase	455	455
K04568	ligase	84	85
K04568	synthetase	84	85
K04615	regulator	8	9
K04615	regulatory	8	9
K04615	signaling	8	9
K04631	gtp_binding	8	8
K04631	hydrolase	8	8
K04634	gtp_binding	7	7
K04634	hydrolase	7	7
K04646	cytoplasmic	12	14
K04649	transferase	8	8
K04658	regulator	6	6
K04658	regulatory	6	6
K04670	kinase	7	7
K04670	serine_threonine_kinase	7	7
K04670	transferase	7	7
K04674	kinase	5	5
K04674	serine_threonine_kinase	5	5
K04674	transferase	5	5
K04678	transferase	8	8
K04682	dna_binding	6	6
K04682	regulator	6	6
K04682	transcription	6	6
K04682	transcription_factor	6	6
K04688	kinase	11	11
K04688	serine_threonine_kinase	11	11
K04688	transferase	11	11
K04702	kinase	5	5
K04702	serine_threonine_kinase	5	5
K04702	transferase	5	5
K04706	enzyme	7	7
K04706	protein_modification	7	7
K04706	transferase	7	7
K04708	dehydrogenase	19	19
K04708	nad_binding	19	19
K04708	oxidoreductase	19	19
K04709	cytoplasmic	5	5
K04709	transferase	5	5
K04711	amidase	6	6
K04711	hydrolase	6	6
K04712	oxidoreductase	19	19
K04712	oxygenase	19	19
K04714	transferase	15	15
K04718	atp_binding	13	13
K04718	enzyme	11	13
K04718	kinase	13	13
K04718	phosphotransferase	11	13
K04718	transferase	13	13
K04725	transferase	5	5
K04727	nad_binding	5	5
K04727	oxidoreductase	5	5
K04728	kinase	17	17
K04728	serine_threonine_kinase	17	17
K04728	transferase	17	17
K04730	kinase	5	5
K04730	serine_threonine_kinase	5	5
K04730	transferase	5	5
K04756	oxidoreductase	58	58
K04756	peroxidase	58	58
K04757	kinase	44	46
K04757	serine_threonine_kinase	44	46
K04757	transferase	44	46
K04765	hydrolase	6	6
K04768	amidase	8	8
K04768	hydrolase	8	8
K04771	hydrolase	35	38
K04771	peptidase	35	38
K04771	protease	35	38
K04773	hydrolase	9	9
K04773	peptidase	9	9
K04773	protease	9	9
K04774	hydrolase	6	6
K04774	peptidase	6	6
K04774	protease	6	6
K04788	ligase	5	5
K04788	synthetase	5	5
K04793	monooxygenase	5	5
K04793	nad_binding	5	5
K04793	oxidoreductase	5	5
K04793	oxygenase	5	5
K04794	esterase	49	49
K04794	hydrolase	49	49
K04795	methyltransferase	49	49
K04795	transferase	49	49
K04799	hydrolase	149	149
K04819	ion_channel	9	10
K04819	ion_transporter	10	10
K04819	membrane	9	10
K04819	tonb_dependent_receptor	9	10
K04819	transporter	10	10
K04829	inner_membrane	6	6
K04829	ion_channel	6	6
K04829	ion_transporter	6	6
K04829	membrane	6	6
K04829	transporter	6	6
K04850	ion_channel	5	5
K04850	ion_transporter	5	5
K04850	metal_transporter	5	5
K04850	transporter	5	5
K04874	inner_membrane	5	5
K04874	ion_channel	5	5
K04874	ion_transporter	5	5
K04874	membrane	5	5
K04874	transporter	5	5
K04875	inner_membrane	5	5
K04875	ion_channel	5	5
K04875	ion_transporter	5	5
K04875	membrane	5	5
K04875	metal_transporter	5	5
K04875	transporter	5	5
K04882	dehydrogenase	6	6
K04882	nad_binding	6	6
K04882	oxidoreductase	6	6
K04944	membrane	5	5
K04958	cytoplasmic	6	6
K04977	abc_permease	5	5
K04977	inner_membrane	5	5
K04977	ion_transporter	5	5
K04977	membrane	5	5
K04977	metal_transporter	5	5
K04977	transporter	5	5
K04984	membrane	7	7
K05021	oxidoreductase	5	5
K05021	sulfur_metabolism	5	5
K05024	oxidoreductase	5	5
K05024	sulfur_metabolism	5	5
K05027	hydrolase	5	5
K05027	peptidase	5	5
K05027	protease	5	5
K05031	isomerase	20	20
K05037	ion_transporter	7	7
K05037	metal_transporter	7	7
K05037	sodium_transporter	7	7
K05037	symporter	7	7
K05037	transporter	7	7
K05041	ion_transporter	5	5
K05041	metal_transporter	5	5
K05041	sodium_transporter	5	5
K05041	symporter	5	5
K05041	transporter	5	5
K05052	regulator	6	6
K05052	regulatory	6	6
K05052	signaling	6	6
K05052	tonb_dependent_receptor	6	6
K05087	atp_binding	7	7
K05087	kinase	7	7
K05087	transferase	7	7
K05091	atp_binding	10	10
K05091	kinase	10	10
K05091	transferase	10	10
K05094	atp_binding	5	5
K05094	kinase	5	5
K05094	transferase	5	5
K05099	atp_binding	21	21
K05099	kinase	21	21
K05099	transferase	21	21
K05101	atp_binding	6	6
K05101	kinase	6	6
K05101	transferase	6	6
K05105	atp_binding	5	5
K05105	kinase	5	5
K05105	transferase	5	5
K05116	atp_binding	6	6
K05116	kinase	6	6
K05116	transferase	6	6
K05119	atp_binding	5	5
K05119	kinase	5	5
K05119	transferase	5	5
K05128	regulator	5	5
K05128	regulatory	5	5
K05129	atp_binding	5	5
K05129	kinase	5	5
K05129	transferase	5	5
K05170	glycosidase	7	7
K05170	hydrolase	7	7
K05193	inner_membrane	5	5
K05193	membrane	5	5
K05262	regulator	6	6
K05262	regulatory	6	6
K05262	signaling	6	6
K05264	regulator	5	5
K05264	regulatory	5	5
K05264	signaling	5	5
K05275	cytoplasmic	7	7
K05275	oxidoreductase	7	7
K05277	oxidoreductase	5	5
K05277	oxygenase	5	5
K05278	oxidoreductase	8	9
K05278	oxygenase	8	9
K05282	dioxygenase	7	7
K05282	oxidoreductase	7	7
K05282	oxygenase	7	7
K05283	transferase	21	22
K05284	glycosyltransferase	21	21
K05284	transferase	21	21
K05285	transferase	14	14
K05286	glycosyltransferase	19	19
K05286	transferase	19	19
K05294	hydrolase	22	22
K05298	nad_binding	5	5
K05298	oxidoreductase	5	5
K05302	methyltransferase	10	10
K05302	transferase	10	10
K05306	hydrolase	64	65
K05310	transferase	11	11
K05349	carbohydrate_active	51	51
K05349	glycosidase	51	51
K05349	hydrolase	51	51
K05350	carbohydrate_active	19	20
K05350	glycosidase	19	20
K05350	hydrolase	19	20
K05351	dehydrogenase	13	13
K05351	nad_binding	13	13
K05351	oxidoreductase	13	13
K05357	enzyme	7	8
K05357	halogenase	7	8
K05357	oxidase	7	8
K05357	oxidoreductase	8	8
K05359	carbohydrate_active	6	6
K05359	cytoplasmic	6	6
K05359	dehydratase	6	6
K05359	enzyme	6	6
K05359	lyase	6	6
K05361	oxidoreductase	7	7
K05361	peroxidase	7	7
K05362	ligase	40	40
K05362	synthetase	40	40
K05365	glycosyltransferase	5	5
K05365	hydrolase	5	5
K05365	peptidase	5	5
K05365	protease	5	5
K05365	transferase	5	5
K05366	glycosyltransferase	27	27
K05366	hydrolase	27	27
K05366	peptidase	27	27
K05366	protease	27	27
K05366	transferase	27	27
K05369	oxidoreductase	18	18
K05370	oxidoreductase	19	19
K05371	oxidoreductase	25	25
K05396	lyase	49	50
K05420	regulator	5	5
K05420	regulatory	5	5
K05449	protein_binding	6	6
K05449	regulator	6	6
K05449	regulatory	6	6
K05515	hydrolase	6	6
K05515	peptidase	6	6
K05515	protease	6	6
K05522	glycosidase	57	57
K05522	hydrolase	57	57
K05522	lyase	57	57
K05523	amidase	41	41
K05523	hydrolase	41	41
K05526	amidase	112	112
K05526	hydrolase	112	112
K05535	biosynthesis	5	5
K05535	carbohydrate_active	5	5
K05535	glycosyltransferase	5	5
K05535	transferase	5	5
K05538	glycosyltransferase	5	5
K05538	transferase	5	5
K05539	nad_binding	23	23
K05539	oxidoreductase	23	23
K05540	nad_binding	30	30
K05540	oxidoreductase	30	30
K05541	nad_binding	21	21
K05541	oxidoreductase	21	21
K05542	nad_binding	5	5
K05542	oxidoreductase	5	5
K05544	nad_binding	37	37
K05544	oxidoreductase	37	37
K05546	carbohydrate_active	8	8
K05546	glycosidase	8	8
K05546	hydrolase	8	8
K05572	electron_transport	58	58
K05572	translocase	58	58
K05572	transporter	58	58
K05573	electron_transport	86	86
K05573	translocase	86	86
K05573	transporter	86	86
K05574	electron_transport	66	66
K05574	translocase	66	66
K05574	transporter	66	66
K05575	electron_transport	73	73
K05575	translocase	73	73
K05575	transporter	73	73
K05576	electron_transport	34	34
K05576	translocase	34	34
K05576	transporter	34	34
K05577	electron_transport	32	32
K05577	translocase	32	32
K05577	transporter	32	32
K05578	electron_transport	33	33
K05578	translocase	33	33
K05578	transporter	33	33
K05579	electron_transport	63	63
K05579	translocase	63	63
K05579	transporter	63	63
K05580	electron_transport	58	58
K05580	translocase	58	58
K05580	transporter	58	58
K05581	electron_transport	60	60
K05581	translocase	60	60
K05581	transporter	60	60
K05582	electron_transport	69	69
K05582	translocase	69	69
K05582	transporter	69	69
K05583	electron_transport	30	30
K05583	translocase	30	30
K05583	transporter	30	30
K05584	electron_transport	35	35
K05584	translocase	35	35
K05584	transporter	35	35
K05585	electron_transport	36	36
K05585	translocase	36	36
K05585	transporter	36	36
K05592	atp_binding	42	42
K05592	atpase	42	42
K05592	hydrolase	42	42
K05601	nitrogen_metabolism	151	151
K05601	oxidoreductase	151	151
K05605	hydrolase	19	19
K05607	dehydratase	7	7
K05607	lyase	7	7
K05609	hydrolase	12	12
K05609	peptidase	12	12
K05609	protease	12	12
K05610	hydrolase	10	10
K05610	peptidase	10	10
K05610	protease	10	10
K05611	hydrolase	7	7
K05611	peptidase	7	7
K05611	protease	7	7
K05612	abc_permease	5	5
K05612	amino_acid_transporter	5	5
K05612	transporter	5	5
K05625	amidase	5	5
K05625	enzyme	5	5
K05625	hydrolase	5	5
K05625	peptidase	5	5
K05625	protease	5	5
K05625	transferase	5	5
K05637	cell_surface	5	5
K05637	secreted	5	5
K05661	transporter	5	5
K05664	atp_binding	5	5
K05664	inner_membrane	5	5
K05664	membrane	5	5
K05664	translocase	5	5
K05664	transporter	5	5
K05665	transporter	12	13
K05685	atp_binding	93	93
K05685	translocase	93	93
K05685	transporter	93	93
K05688	kinase	5	5
K05688	serine_threonine_kinase	5	5
K05688	transferase	5	5
K05692	atp_binding	80	80
K05692	atpase	80	80
K05692	hydrolase	80	80
K05695	hydrolase	7	7
K05695	phosphatase	7	7
K05696	hydrolase	5	5
K05696	phosphatase	5	5
K05699	protein_binding	10	12
K05703	atp_binding	8	8
K05703	kinase	8	8
K05703	transferase	8	8
K05704	atp_binding	7	7
K05704	kinase	7	7
K05704	regulator	7	7
K05704	regulatory	7	7
K05704	transferase	7	7
K05705	atp_binding	5	5
K05705	kinase	5	5
K05705	transferase	5	5
K05708	dioxygenase	8	8
K05708	nad_binding	8	8
K05708	oxidoreductase	8	8
K05708	oxygenase	8	8
K05709	dioxygenase	19	19
K05709	nad_binding	19	19
K05709	oxidoreductase	19	19
K05709	oxygenase	19	19
K05711	nad_binding	19	19
K05711	oxidoreductase	19	19
K05712	monooxygenase	29	29
K05712	nad_binding	29	29
K05712	oxidoreductase	29	29
K05712	oxygenase	29	29
K05713	dioxygenase	35	35
K05713	oxidoreductase	35	35
K05713	oxygenase	35	35
K05714	hydrolase	18	18
K05715	atp_binding	13	13
K05715	kinase	13	13
K05715	transferase	13	13
K05716	ligase	13	13
K05716	ligase_dna	13	13
K05728	atp_binding	6	6
K05728	kinase	6	6
K05728	transferase	6	6
K05743	kinase	7	7
K05743	serine_threonine_kinase	7	7
K05743	transferase	7	7
K05744	kinase	5	5
K05744	serine_threonine_kinase	5	5
K05744	transferase	5	5
K05766	hydrolase	9	9
K05766	phosphatase	9	9
K05774	atp_binding	32	32
K05774	kinase	32	32
K05774	transferase	32	32
K05810	hydrolase	35	35
K05812	transferase	5	5
K05816	atp_binding	70	70
K05816	translocase	70	70
K05816	transporter	70	70
K05822	transferase	74	74
K05823	amidase	73	73
K05823	hydrolase	73	73
K05828	atp_binding	25	25
K05828	kinase	25	25
K05828	transferase	25	25
K05829	nad_binding	23	23
K05829	oxidoreductase	23	23
K05830	aminotransferase	12	12
K05830	plp_binding	12	12
K05830	transferase	12	12
K05831	amidase	18	18
K05831	hydrolase	18	18
K05837	glycosyltransferase	8	8
K05837	transferase	8	8
K05841	glycosyltransferase	21	21
K05841	transferase	21	21
K05844	ligase	165	167
K05844	synthetase	165	167
K05849	inner_membrane	11	13
K05849	membrane	11	13
K05850	ion_transporter	16	16
K05850	membrane	13	16
K05850	translocase	16	16
K05850	transporter	16	16
K05851	lyase	9	9
K05853	ion_transporter	23	23
K05853	translocase	23	23
K05853	transporter	23	23
K05855	atp_binding	5	5
K05855	kinase	5	5
K05855	transferase	5	5
K05857	hydrolase	26	26
K05857	phosphodiesterase	26	26
K05858	hydrolase	14	14
K05858	phosphodiesterase	14	14
K05858	regulator	12	14
K05858	regulatory	12	14
K05861	hydrolase	6	6
K05861	phosphodiesterase	6	6
K05864	isomerase	21	21
K05867	hydrolase	6	6
K05867	phosphatase	6	6
K05879	transferase	5	5
K05881	atp_binding	7	7
K05881	kinase	7	7
K05881	transferase	7	7
K05887	dehydrogenase	36	36
K05887	nad_binding	36	36
K05887	oxidoreductase	36	36
K05894	nad_binding	18	18
K05894	oxidoreductase	18	18
K05895	nad_binding	8	8
K05895	oxidoreductase	8	8
K05906	oxidoreductase	9	9
K05906	sulfur_metabolism	9	9
K05909	oxidoreductase	38	38
K05916	dioxygenase	42	42
K05916	nad_binding	42	42
K05916	oxidoreductase	42	42
K05916	oxygenase	42	42
K05917	flavin_binding	20	25
K05917	monooxygenase	24	25
K05917	oxidoreductase	24	25
K05917	oxygenase	24	25
K05919	oxidative_stress	14	16
K05919	oxidoreductase	14	16
K05919	superoxide_dismutase	14	16
K05925	methyltransferase	8	8
K05925	transferase	8	8
K05929	methyltransferase	7	7
K05929	transferase	7	7
K05931	methyltransferase	22	22
K05931	transferase	22	22
K05933	monooxygenase	11	11
K05933	oxidoreductase	11	11
K05933	oxygenase	11	11
K05934	methyltransferase	5	5
K05934	transferase	5	5
K05936	methyltransferase	8	8
K05936	transferase	8	8
K05939	ligase	56	56
K05939	synthetase	56	56
K05939	transferase	56	56
K05946	glycosyltransferase	9	9
K05946	transferase	9	9
K05948	glycosyltransferase	17	17
K05948	transferase	17	17
K05953	transferase	8	8
K05954	transferase	9	9
K05955	transferase	8	8
K05956	transferase	10	10
K05964	nucleotidyltransferase	33	33
K05964	transferase	33	33
K05966	glycosyltransferase	56	57
K05966	transferase	56	57
K05967	hydrolase	5	5
K05967	phosphatase	5	5
K05972	esterase	12	12
K05972	hydrolase	12	12
K05979	hydrolase	60	60
K05979	phosphatase	60	60
K05982	dnase	128	128
K05982	endonuclease	128	128
K05982	hydrolase	128	128
K05982	nuclease	128	128
K05984	hydrolase	6	6
K05985	endonuclease	22	22
K05985	hydrolase	22	22
K05985	nuclease	22	22
K05985	rnase	22	22
K05986	cas_nuclease	6	6
K05986	endonuclease	6	6
K05986	enzyme	6	6
K05986	hydrolase	6	6
K05986	nuclease	6	6
K05986	phage_terminase	6	6
K05994	hydrolase	31	32
K05994	peptidase	31	32
K05994	protease	31	32
K05995	hydrolase	67	67
K05995	peptidase	67	67
K05995	protease	67	67
K06001	dehydratase	26	26
K06001	lyase	26	26
K06002	hydrolase	16	16
K06002	peptidase	16	16
K06002	protease	16	16
K06004	hydrolase	8	8
K06004	peptidase	8	8
K06004	protease	8	8
K06005	enzyme	10	10
K06005	hydrolase	10	10
K06005	peptidase	10	10
K06005	protease	10	10
K06005	secreted	10	10
K06008	cytoplasmic	6	6
K06008	enzyme	6	6
K06008	hydrolase	6	6
K06008	peptidase	6	6
K06008	protease	6	6
K06011	hydrolase	6	6
K06011	metal_binding	6	6
K06011	peptidase	6	6
K06011	protease	6	6
K06012	hydrolase	29	29
K06012	metal_binding	29	29
K06012	peptidase	29	29
K06012	protease	29	29
K06013	hydrolase	8	8
K06013	metal_binding	8	8
K06013	peptidase	8	8
K06013	protease	8	8
K06018	hydrolase	8	8
K06019	hydrolase	29	29
K06020	hydrolase	7	7
K06023	atp_binding	208	208
K06023	kinase	208	208
K06023	serine_threonine_kinase	208	208
K06023	transferase	208	208
K06027	atp_binding	12	13
K06027	atpase	12	13
K06027	hydrolase	12	13
K06030	gtp_binding	7	7
K06030	hydrolase	7	7
K06037	lyase	6	6
K06042	isomerase	10	10
K06042	mutase	10	10
K06045	isomerase	5	5
K06045	mutase	5	5
K06047	ligase	6	6
K06047	synthetase	6	6
K06048	ligase	190	190
K06048	synthetase	190	190
K06051	regulator	9	11
K06051	regulatory	9	11
K06052	regulator	5	5
K06052	regulatory	5	5
K06058	transferase	13	13
K06059	hydrolase	6	6
K06059	metal_binding	6	6
K06059	peptidase	6	6
K06059	protease	6	6
K06059	regulator	6	6
K06059	regulatory	6	6
K06062	transferase	15	15
K06067	amidase	25	25
K06067	hydrolase	25	25
K06068	kinase	6	6
K06068	serine_threonine_kinase	6	6
K06068	transferase	6	6
K06069	kinase	8	8
K06069	serine_threonine_kinase	8	8
K06069	transferase	8	8
K06070	kinase	10	10
K06070	serine_threonine_kinase	10	10
K06070	transferase	10	10
K06072	oxidoreductase	35	35
K06072	oxygenase	35	35
K06074	atp_binding	50	50
K06074	translocase	50	50
K06074	transporter	50	50
K06103	regulator	5	5
K06103	regulatory	5	5
K06106	regulator	5	5
K06106	regulatory	5	5
K06109	gtp_binding	6	6
K06109	hydrolase	6	6
K06113	carbohydrate_active	19	19
K06113	glycosidase	19	19
K06113	hydrolase	19	19
K06115	cytoplasmic	5	5
K06115	membrane	5	5
K06125	transferase	12	12
K06126	monooxygenase	11	11
K06126	oxidoreductase	11	11
K06126	oxygenase	11	11
K06127	methyltransferase	16	16
K06127	transferase	16	16
K06128	hydrolase	7	7
K06129	esterase	5	5
K06129	hydrolase	5	5
K06129	transferase	5	5
K06130	hydrolase	7	7
K06131	transferase	122	123
K06133	transferase	19	19
K06134	oxidoreductase	111	111
K06134	oxygenase	111	111
K06137	oxidoreductase	47	47
K06139	oxidoreductase	41	41
K06147	membrane	6	6
K06153	hydrolase	632	632
K06168	sulfurtransferase	608	613
K06168	transferase	608	613
K06173	isomerase	631	631
K06173	mutase	631	631
K06175	isomerase	12	12
K06175	mutase	12	12
K06176	isomerase	201	201
K06176	mutase	201	201
K06177	isomerase	15	15
K06177	mutase	15	15
K06178	isomerase	34	34
K06178	mutase	34	34
K06179	isomerase	27	27
K06179	mutase	27	27
K06180	isomerase	46	46
K06180	mutase	46	46
K06181	isomerase	16	16
K06181	mutase	16	16
K06182	isomerase	6	6
K06182	mutase	6	6
K06183	isomerase	16	16
K06183	mutase	16	16
K06193	hydrolase	6	6
K06207	gtp_binding	14	15
K06207	hydrolase	14	15
K06210	nucleotidyltransferase	19	19
K06210	transferase	19	19
K06215	lyase	198	199
K06221	dehydrogenase	27	27
K06221	nad_binding	27	27
K06221	oxidoreductase	27	27
K06222	dehydrogenase	5	5
K06222	nad_binding	5	5
K06222	oxidoreductase	5	5
K06223	dna_methylase	9	9
K06223	methyltransferase	9	9
K06223	transferase	9	9
K06224	hydrolase	11	11
K06233	regulator	5	5
K06233	regulatory	5	5
K06233	transporter	5	5
K06237	cell_surface	14	15
K06237	secreted	14	15
K06238	cell_surface	10	12
K06238	secreted	10	12
K06240	cell_surface	6	6
K06240	secreted	6	6
K06269	hydrolase	60	60
K06269	phosphatase	60	60
K06276	kinase	16	16
K06276	serine_threonine_kinase	16	16
K06276	transferase	16	16
K06281	hydrogen_metabolism	8	8
K06281	hydrogenase	8	8
K06281	oxidoreductase	8	8
K06282	hydrogen_metabolism	9	9
K06282	hydrogenase	9	9
K06282	oxidoreductase	9	9
K06287	hydrolase	416	416
K06379	kinase	41	41
K06379	serine_threonine_kinase	41	41
K06379	transferase	41	41
K06445	flavin_binding	5	5
K06445	oxidoreductase	5	5
K06447	nad_binding	132	132
K06447	oxidoreductase	132	132
K06528	cytoplasmic	11	12
K06528	membrane	10	12
K06614	glycosyltransferase	5	5
K06614	transferase	5	5
K06620	dna_binding	6	6
K06620	regulator	6	6
K06620	regulatory	6	6
K06620	transcription	6	6
K06620	transcription_factor	6	6
K06631	kinase	12	12
K06631	serine_threonine_kinase	12	12
K06631	transferase	12	12
K06632	atp_binding	15	16
K06632	kinase	16	16
K06632	transferase	16	16
K06633	kinase	9	9
K06633	serine_threonine_kinase	9	9
K06633	transferase	9	9
K06639	hydrolase	9	9
K06639	phosphatase	9	9
K06640	kinase	7	7
K06640	serine_threonine_kinase	7	7
K06640	transferase	7	7
K06641	kinase	6	6
K06641	serine_threonine_kinase	6	6
K06641	transferase	6	6
K06642	kinase	5	5
K06642	serine_threonine_kinase	5	5
K06642	transferase	5	5
K06655	kinase	7	7
K06655	serine_threonine_kinase	7	7
K06655	transferase	7	7
K06664	transferase	12	12
K06688	transferase	11	11
K06689	transferase	36	36
K06704	hydrolase	7	7
K06704	metal_binding	7	7
K06704	peptidase	7	7
K06704	protease	7	7
K06709	dioxygenase	15	15
K06709	enzyme	12	15
K06709	oxidoreductase	15	15
K06709	oxygenase	15	15
K06718	transferase	16	16
K06720	dehydratase	46	46
K06720	lyase	46	46
K06726	isomerase	205	205
K06726	mutase	205	205
K06826	cell_surface	6	6
K06855	kinase	7	7
K06855	serine_threonine_kinase	7	7
K06855	transferase	7	7
K06859	isomerase	9	9
K06863	ligase	37	37
K06863	synthetase	37	37
K06868	transferase	26	26
K06877	isomerase	5	5
K06879	nad_binding	207	207
K06879	nitrogen_metabolism	207	207
K06879	oxidoreductase	207	207
K06915	isomerase	7	8
K06917	transferase	101	103
K06920	ligase	516	516
K06920	synthetase	516	516
K06927	ligase	7	8
K06927	synthetase	7	8
K06928	hydrolase	37	37
K06932	ligase	22	22
K06932	synthetase	22	22
K06941	methyltransferase	651	651
K06941	transferase	651	651
K06947	atp_binding	28	28
K06947	kinase	28	28
K06947	transferase	28	28
K06949	hydrolase	277	277
K06957	transferase	25	25
K06965	hydrolase	63	77
K06968	methyltransferase	168	168
K06968	transferase	168	168
K06969	methyltransferase	87	87
K06969	transferase	87	87
K06970	methyltransferase	123	123
K06970	transferase	123	123
K06972	hydrolase	23	25
K06972	metal_binding	23	25
K06972	peptidase	23	25
K06972	protease	23	25
K06974	hydrolase	30	30
K06974	peptidase	30	30
K06974	protease	30	30
K06981	atp_binding	5	5
K06981	kinase	5	5
K06981	transferase	5	5
K06989	nad_binding	52	56
K06989	oxidoreductase	52	56
K06999	hydrolase	7	7
K07012	hydrolase	9	9
K07023	hydrolase	9	9
K07023	phosphatase	9	9
K07024	hydrolase	10	10
K07024	phosphatase	10	10
K07025	hydrolase	8	8
K07025	phosphatase	7	8
K07026	hydrolase	34	34
K07026	phosphatase	34	34
K07029	atp_binding	21	21
K07029	kinase	21	21
K07029	transferase	21	21
K07041	hydrolase	9	9
K07042	hydrolase	693	693
K07048	hydrolase	25	27
K07055	transferase	9	9
K07056	methyltransferase	41	41
K07056	transferase	41	41
K07060	hydrolase	7	7
K07067	nucleotidyltransferase	65	65
K07067	transferase	65	65
K07075	nucleotidyltransferase	7	7
K07075	transferase	7	7
K07082	lyase	5	5
K07094	transferase	54	54
K07095	hydrolase	7	7
K07095	phosphodiesterase	7	7
K07098	hydrolase	10	11
K07106	dehydratase	203	203
K07106	lyase	203	203
K07107	hydrolase	10	11
K07116	amidase	14	14
K07116	hydrolase	14	14
K07127	hydrolase	19	19
K07130	amidase	51	51
K07130	hydrolase	51	51
K07145	oxidoreductase	49	49
K07145	oxygenase	49	49
K07146	oxidoreductase	369	369
K07146	oxygenase	369	369
K07147	oxidoreductase	81	81
K07147	sulfur_metabolism	81	81
K07151	glycosyltransferase	17	17
K07151	transferase	17	17
K07160	hydrolase	234	234
K07171	hydrolase	34	35
K07173	lyase	283	283
K07178	hydrolase	10	12
K07178	kinase	12	12
K07178	serine_threonine_kinase	12	12
K07178	transferase	12	12
K07179	kinase	8	8
K07179	serine_threonine_kinase	8	8
K07179	transferase	8	8
K07188	esterase	6	6
K07188	hydrolase	6	6
K07198	kinase	29	29
K07198	serine_threonine_kinase	29	29
K07198	transferase	29	29
K07203	cytoplasmic	11	12
K07203	enzyme	10	12
K07203	kinase	12	12
K07203	phosphotransferase	10	12
K07203	regulator	11	12
K07203	regulatory	11	12
K07203	serine_threonine_kinase	12	12
K07203	transferase	12	12
K07208	gtp_binding	11	11
K07208	hydrolase	11	11
K07223	oxidoreductase	5	5
K07223	peroxidase	5	5
K07232	lyase	13	13
K07235	sulfurtransferase	81	81
K07235	transferase	81	81
K07249	nad_binding	16	16
K07249	oxidoreductase	16	16
K07250	aminotransferase	6	6
K07250	plp_binding	6	6
K07250	transferase	6	6
K07251	atp_binding	36	36
K07251	kinase	36	36
K07251	transferase	36	36
K07252	hydrolase	8	8
K07253	isomerase	12	12
K07254	methyltransferase	45	45
K07254	transferase	45	45
K07258	hydrolase	12	12
K07258	peptidase	12	12
K07258	protease	12	12
K07259	hydrolase	5	5
K07259	peptidase	5	5
K07259	protease	5	5
K07261	hydrolase	53	53
K07261	metal_binding	53	53
K07261	peptidase	53	53
K07261	protease	53	53
K07264	glycosyltransferase	79	79
K07264	transferase	79	79
K07270	transferase	6	6
K07284	cysteine_protease	7	7
K07284	hydrolase	7	7
K07284	protease	7	7
K07293	hydrolase	6	6
K07293	phosphatase	6	6
K07298	kinase	7	7
K07298	serine_threonine_kinase	7	7
K07298	transferase	7	7
K07304	oxidoreductase	296	296
K07304	sulfur_metabolism	296	296
K07305	oxidoreductase	211	212
K07305	sulfur_metabolism	211	212
K07320	methyltransferase	22	22
K07320	transferase	22	22
K07336	dioxygenase	175	175
K07336	oxidoreductase	175	175
K07336	oxygenase	175	175
K07374	gtp_binding	80	80
K07374	hydrolase	80	80
K07376	kinase	9	9
K07376	serine_threonine_kinase	9	9
K07376	transferase	9	9
K07378	inner_membrane	9	11
K07378	membrane	9	11
K07378	protein_binding	9	11
K07378	regulator	9	11
K07378	regulatory	9	11
K07404	esterase	72	87
K07404	hydrolase	72	87
K07407	carbohydrate_active	29	29
K07407	glycosidase	29	29
K07407	hydrolase	29	29
K07408	dehydratase	9	9
K07408	flavin_binding	9	9
K07408	lyase	9	9
K07408	monooxygenase	9	9
K07408	oxidoreductase	9	9
K07408	oxygenase	9	9
K07409	dehydratase	9	9
K07409	flavin_binding	9	9
K07409	lyase	9	9
K07409	monooxygenase	9	9
K07409	oxidoreductase	9	9
K07409	oxygenase	9	9
K07411	flavin_binding	8	8
K07411	monooxygenase	8	8
K07411	oxidoreductase	8	8
K07411	oxygenase	8	8
K07412	flavin_binding	8	8
K07412	monooxygenase	8	8
K07412	oxidoreductase	8	8
K07412	oxygenase	8	8
K07413	flavin_binding	27	27
K07413	monooxygenase	27	27
K07413	oxidoreductase	27	27
K07413	oxygenase	27	27
K07414	flavin_binding	14	14
K07414	monooxygenase	14	14
K07414	oxidoreductase	14	14
K07414	oxygenase	14	14
K07415	flavin_binding	9	9
K07415	monooxygenase	9	9
K07415	nad_binding	9	9
K07415	oxidoreductase	9	9
K07415	oxygenase	9	9
K07418	flavin_binding	5	5
K07418	monooxygenase	5	5
K07418	oxidoreductase	5	5
K07418	oxygenase	5	5
K07424	flavin_binding	16	16
K07424	monooxygenase	16	16
K07424	oxidoreductase	16	16
K07424	oxygenase	16	16
K07425	flavin_binding	8	9
K07425	monooxygenase	9	9
K07425	oxidoreductase	9	9
K07425	oxygenase	9	9
K07432	glycosyltransferase	13	13
K07432	transferase	13	13
K07434	flavin_binding	16	16
K07434	monooxygenase	16	16
K07434	oxidoreductase	16	16
K07434	oxygenase	16	16
K07442	methyltransferase	23	23
K07442	transferase	23	23
K07447	hydrolase	604	604
K07456	atp_binding	149	150
K07456	atpase	149	150
K07456	hydrolase	149	150
K07462	hydrolase	10	10
K07464	hydrolase	8	9
K07475	hydrolase	5	5
K07503	hydrolase	56	56
K07508	hydrolase	5	5
K07508	transferase	5	5
K07509	transferase	7	7
K07511	dehydratase	7	7
K07511	lyase	7	7
K07512	nad_binding	18	18
K07512	oxidoreductase	18	18
K07513	cytoplasmic	9	11
K07513	transferase	11	11
K07514	dehydratase	6	6
K07514	dehydrogenase	6	6
K07514	isomerase	6	6
K07514	lyase	6	6
K07514	nad_binding	6	6
K07514	oxidoreductase	6	6
K07518	esterase	24	24
K07518	hydrolase	24	24
K07533	isomerase	89	89
K07542	glycosyltransferase	16	16
K07542	transferase	16	16
K07558	nucleotidyltransferase	38	38
K07558	transferase	38	38
K07559	atp_binding	61	61
K07559	kinase	61	61
K07559	transferase	61	61
K07560	esterase	534	535
K07560	hydrolase	534	535
K07561	transferase	24	24
K07566	nucleotidyltransferase	167	169
K07566	transferase	167	169
K07568	glycosyltransferase	531	531
K07568	transferase	531	531
K07583	isomerase	26	26
K07583	mutase	26	26
K07584	cysteine_protease	5	5
K07584	hydrolase	5	5
K07584	protease	5	5
K07586	hydrolase	97	97
K07587	ligase	21	21
K07587	translation	21	21
K07587	trna_synthetase	21	21
K07588	hydrolase	11	11
K07589	isomerase	5	5
K07589	racemase	5	5
K07636	sensor_kinase	6	6
K07636	transferase	6	6
K07636	two_component	6	6
K07637	hydrolase	11	12
K07637	phosphatase	11	12
K07637	sensor_kinase	12	12
K07637	transferase	12	12
K07637	two_component	12	12
K07638	sensor_kinase	5	5
K07638	transferase	5	5
K07638	two_component	5	5
K07644	sensor_kinase	6	6
K07644	transferase	6	6
K07644	two_component	6	6
K07645	sensor_kinase	6	6
K07645	transferase	6	6
K07645	two_component	6	6
K07646	transferase	6	6
K07651	sensor_kinase	8	8
K07651	transferase	8	8
K07651	two_component	8	8
K07652	sensor_kinase	21	21
K07652	transferase	21	21
K07652	two_component	21	21
K07653	hydrolase	14	14
K07653	phosphatase	14	14
K07653	sensor_kinase	14	14
K07653	transferase	14	14
K07653	two_component	14	14
K07654	sensor_kinase	7	7
K07654	transferase	7	7
K07654	two_component	7	7
K07679	sensor_kinase	5	5
K07679	transferase	5	5
K07679	two_component	5	5
K07681	sensor_kinase	11	11
K07681	transferase	11	11
K07681	two_component	11	11
K07683	sensor_kinase	18	18
K07683	transferase	18	18
K07683	two_component	18	18
K07704	sensor_kinase	21	21
K07704	transferase	21	21
K07704	two_component	21	21
K07708	hydrolase	7	7
K07708	phosphatase	7	7
K07708	sensor_kinase	7	7
K07708	transferase	7	7
K07708	two_component	7	7
K07732	atp_binding	47	47
K07732	kinase	47	47
K07732	transferase	47	47
K07739	transferase	18	18
K07748	dehydrogenase	9	9
K07748	nad_binding	9	9
K07748	oxidoreductase	9	9
K07749	sulfurtransferase	39	39
K07749	transferase	39	39
K07750	monooxygenase	14	14
K07750	oxidoreductase	14	14
K07750	oxygenase	14	14
K07751	hydrolase	65	65
K07751	peptidase	65	65
K07751	protease	65	65
K07752	hydrolase	5	5
K07752	peptidase	5	5
K07752	protease	5	5
K07753	nad_binding	5	5
K07753	oxidoreductase	5	5
K07754	oxidoreductase	8	8
K07755	methyltransferase	5	5
K07755	transferase	5	5
K07756	atp_binding	10	11
K07756	kinase	10	11
K07756	transferase	11	11
K07759	carbohydrate_active	8	8
K07759	enzyme	7	8
K07759	glycosidase	8	8
K07759	glycoside_hydrolase	7	8
K07759	hydrolase	8	8
K07760	kinase	6	6
K07760	serine_threonine_kinase	6	6
K07760	transferase	6	6
K07763	hydrolase	7	7
K07763	metal_binding	7	7
K07763	peptidase	7	7
K07763	protease	7	7
K07765	hydrolase	5	5
K07765	metal_binding	5	5
K07765	peptidase	5	5
K07765	protease	5	5
K07766	hydrolase	23	23
K07767	isomerase	20	20
K07806	aminotransferase	71	71
K07806	plp_binding	71	71
K07806	transferase	71	71
K07811	nitrogen_metabolism	12	12
K07811	oxidoreductase	12	12
K07813	hydrolase	31	33
K07813	peptidase	31	33
K07813	protease	31	33
K07819	glycosyltransferase	6	6
K07819	transferase	6	6
K07827	gtp_binding	32	34
K07827	hydrolase	32	34
K07828	gtp_binding	8	8
K07828	hydrolase	8	8
K07835	gtp_binding	7	7
K07835	hydrolase	7	7
K07836	gtp_binding	13	13
K07836	hydrolase	13	13
K07853	gtp_binding	7	7
K07853	hydrolase	7	7
K07857	gtp_binding	5	5
K07857	hydrolase	5	5
K07859	gtp_binding	5	5
K07859	hydrolase	5	5
K07870	gtp_binding	27	27
K07870	hydrolase	27	27
K07871	gtp_binding	8	8
K07871	hydrolase	8	8
K07875	gtp_binding	5	5
K07875	hydrolase	5	5
K07879	gtp_binding	5	5
K07879	hydrolase	5	5
K07881	gtp_binding	7	7
K07881	hydrolase	7	7
K07882	gtp_binding	6	6
K07882	hydrolase	6	6
K07883	gtp_binding	5	5
K07885	gtp_binding	5	5
K07885	hydrolase	5	5
K07887	cytoplasmic	9	11
K07887	gtp_binding	10	11
K07888	gtp_binding	6	6
K07888	hydrolase	6	6
K07890	gtp_binding	5	5
K07890	hydrolase	5	5
K07891	cytoplasmic	6	6
K07891	gtp_binding	6	6
K07891	hydrolase	6	6
K07893	gtp_binding	16	20
K07902	gtp_binding	5	5
K07902	hydrolase	5	5
K07903	gtp_binding	5	5
K07903	hydrolase	5	5
K07905	gtp_binding	7	7
K07928	gtp_binding	6	6
K07928	hydrolase	6	6
K07933	gtp_binding	7	8
K07933	hydrolase	7	8
K07953	gtp_binding	40	41
K07953	hydrolase	40	41
K07964	glycosidase	8	8
K07964	hydrolase	8	8
K07968	glycosyltransferase	8	8
K07968	transferase	8	8
K07975	gtp_binding	14	15
K07975	hydrolase	14	15
K07991	hydrolase	7	8
K07991	peptidase	7	8
K07991	protease	7	8
K07994	hydrolase	5	5
K07994	metal_binding	5	5
K07994	peptidase	5	5
K07994	protease	5	5
K08008	nad_binding	5	5
K08008	oxidoreductase	5	5
K08023	secreted	7	8
K08045	lyase	5	5
K08056	isomerase	5	5
K08069	amidase	7	7
K08069	hydrolase	7	7
K08076	hydrolase	10	10
K08076	metal_binding	10	10
K08076	peptidase	10	10
K08076	protease	10	10
K08080	monooxygenase	5	5
K08080	oxidoreductase	5	5
K08080	oxygenase	5	5
K08081	dehydrogenase	16	16
K08081	nad_binding	16	16
K08081	oxidoreductase	16	16
K08092	dehydrogenase	40	40
K08092	nad_binding	40	40
K08092	oxidoreductase	40	40
K08093	lyase	17	18
K08095	esterase	22	22
K08095	hydrolase	22	22
K08096	hydrolase	27	27
K08098	glycosyltransferase	13	13
K08098	transferase	13	13
K08155	transporter	7	7
K08192	cytoplasmic	12	15
K08201	membrane	6	6
K08232	nad_binding	10	10
K08232	oxidoreductase	10	10
K08235	glycosyltransferase	38	38
K08235	transferase	38	38
K08238	glycosyltransferase	9	9
K08238	transferase	9	9
K08245	hydrolase	5	5
K08245	peptidase	5	5
K08245	protease	5	5
K08255	nad_binding	18	18
K08255	oxidoreductase	18	18
K08255	sulfur_metabolism	18	18
K08256	glycosyltransferase	6	6
K08256	transferase	6	6
K08257	carbohydrate_active	9	9
K08257	glycosidase	9	9
K08257	hydrolase	9	9
K08258	cysteine_protease	10	10
K08258	hydrolase	10	10
K08258	protease	10	10
K08259	hydrolase	8	8
K08259	metal_binding	8	8
K08259	peptidase	8	8
K08259	protease	8	8
K08267	regulator	5	5
K08267	regulatory	5	5
K08269	kinase	29	29
K08269	serine_threonine_kinase	29	29
K08269	transferase	29	29
K08286	kinase	38	38
K08286	serine_threonine_kinase	38	38
K08286	transferase	38	38
K08287	kinase	5	5
K08287	transferase	5	5
K08289	ligase	222	222
K08289	synthetase	222	222
K08291	kinase	12	12
K08291	serine_threonine_kinase	12	12
K08291	transferase	12	12
K08294	kinase	6	6
K08294	transferase	6	6
K08296	hydrolase	7	7
K08296	phosphatase	7	7
K08297	flavin_binding	43	43
K08297	oxidoreductase	43	43
K08298	sulfurtransferase	34	34
K08298	transferase	34	34
K08299	dehydratase	25	25
K08299	lyase	25	25
K08300	endonuclease	9	9
K08300	hydrolase	9	9
K08300	nuclease	9	9
K08300	rnase	9	9
K08301	endonuclease	6	6
K08301	hydrolase	6	6
K08301	nuclease	6	6
K08301	rnase	6	6
K08302	lyase	63	63
K08303	hydrolase	8	8
K08303	peptidase	8	8
K08303	protease	8	8
K08304	lyase	5	5
K08306	lyase	67	67
K08308	lyase	41	41
K08311	hydrolase	317	317
K08314	lyase	20	20
K08316	methyltransferase	8	8
K08316	transferase	8	8
K08319	dehydrogenase	5	5
K08319	nad_binding	5	5
K08319	oxidoreductase	5	5
K08321	transferase	27	28
K08333	kinase	9	9
K08333	serine_threonine_kinase	9	9
K08333	transferase	9	9
K08342	cysteine_protease	49	49
K08342	hydrolase	49	49
K08342	protease	49	49
K08370	ion_transporter	7	7
K08370	translocase	7	7
K08370	transporter	7	7
K08479	sensor_kinase	23	23
K08479	transferase	23	23
K08479	two_component	23	23
K08482	atp_binding	13	13
K08482	atpase	13	13
K08482	hydrolase	13	13
K08482	kinase	13	13
K08482	serine_threonine_kinase	13	13
K08482	transferase	13	13
K08483	atp_binding	33	33
K08483	kinase	33	33
K08483	transferase	33	33
K08489	cytoplasmic	7	7
K08493	cytoplasmic	9	11
K08515	cytoplasmic	15	18
K08568	hydrolase	5	5
K08568	peptidase	5	5
K08568	protease	5	5
K08573	cysteine_protease	6	6
K08573	hydrolase	6	6
K08573	protease	6	6
K08576	cysteine_protease	9	9
K08576	hydrolase	9	9
K08576	protease	9	9
K08588	hydrolase	19	19
K08588	peptidase	19	19
K08588	protease	19	19
K08591	transferase	492	492
K08592	cysteine_protease	9	9
K08592	hydrolase	9	9
K08592	protease	9	9
K08596	cysteine_protease	10	10
K08596	hydrolase	10	10
K08596	protease	10	10
K08597	cysteine_protease	7	7
K08597	hydrolase	7	7
K08597	protease	7	7
K08599	cysteine_protease	5	5
K08599	hydrolase	5	5
K08599	protease	5	5
K08601	hydrolase	5	5
K08601	peptidase	5	5
K08601	protease	5	5
K08602	hydrolase	8	8
K08602	metal_binding	8	8
K08602	peptidase	8	8
K08602	protease	8	8
K08635	hydrolase	10	10
K08635	metal_binding	10	10
K08635	peptidase	10	10
K08635	protease	10	10
K08641	hydrolase	5	5
K08641	peptidase	5	5
K08641	protease	5	5
K08652	hydrolase	5	5
K08652	peptidase	5	5
K08652	protease	5	5
K08653	hydrolase	5	5
K08653	peptidase	5	5
K08653	protease	5	5
K08658	hydrolase	9	9
K08658	peptidase	9	9
K08658	protease	9	9
K08659	hydrolase	8	8
K08659	peptidase	8	8
K08659	protease	8	8
K08660	hydrolase	5	5
K08660	peptidase	5	5
K08660	protease	5	5
K08669	hydrolase	14	14
K08669	peptidase	14	14
K08669	protease	14	14
K08675	hydrolase	31	31
K08675	peptidase	31	31
K08675	protease	31	31
K08676	hydrolase	6	6
K08676	peptidase	6	6
K08676	protease	6	6
K08678	decarboxylase	12	12
K08678	lyase	12	12
K08679	isomerase	9	10
K08679	racemase	9	10
K08680	lyase	63	63
K08681	amidase	249	249
K08681	hydrolase	249	249
K08681	lyase	248	249
K08682	hydrolase	48	48
K08682	phosphodiesterase	48	48
K08691	lyase	6	6
K08712	inner_membrane	6	6
K08712	membrane	6	6
K08722	hydrolase	68	68
K08722	phosphatase	68	68
K08726	hydrolase	5	5
K08729	transferase	8	8
K08730	transferase	9	9
K08743	hydrolase	7	7
K08743	phosphodiesterase	7	7
K08744	transferase	13	13
K08745	ligase	6	6
K08745	synthetase	6	6
K08764	transferase	7	7
K08766	transferase	8	8
K08776	hydrolase	7	7
K08776	peptidase	7	7
K08776	protease	7	7
K08779	hydrolase	6	6
K08779	peptidase	6	6
K08779	protease	6	6
K08784	hydrolase	8	8
K08784	peptidase	8	8
K08784	protease	8	8
K08789	kinase	15	15
K08789	serine_threonine_kinase	15	15
K08789	transferase	15	15
K08790	kinase	9	9
K08790	serine_threonine_kinase	9	9
K08790	transferase	9	9
K08793	kinase	7	7
K08793	serine_threonine_kinase	7	7
K08793	transferase	7	7
K08794	kinase	13	13
K08794	serine_threonine_kinase	13	13
K08794	transferase	13	13
K08796	kinase	7	7
K08796	serine_threonine_kinase	7	7
K08796	transferase	7	7
K08797	kinase	5	5
K08797	serine_threonine_kinase	5	5
K08797	transferase	5	5
K08798	kinase	15	15
K08798	serine_threonine_kinase	15	15
K08798	transferase	15	15
K08799	kinase	6	6
K08799	serine_threonine_kinase	6	6
K08799	transferase	6	6
K08800	kinase	6	6
K08800	serine_threonine_kinase	6	6
K08800	transferase	6	6
K08803	kinase	8	8
K08803	serine_threonine_kinase	8	8
K08803	transferase	8	8
K08804	kinase	5	5
K08804	serine_threonine_kinase	5	5
K08804	transferase	5	5
K08805	kinase	12	12
K08805	serine_threonine_kinase	12	12
K08805	transferase	12	12
K08807	kinase	5	5
K08807	serine_threonine_kinase	5	5
K08807	transferase	5	5
K08808	kinase	5	5
K08808	serine_threonine_kinase	5	5
K08808	transferase	5	5
K08811	enzyme	10	11
K08811	kinase	11	11
K08811	magnesium_binding	9	11
K08811	metal_binding	9	11
K08811	phosphotransferase	10	11
K08811	serine_threonine_kinase	11	11
K08811	transferase	11	11
K08816	kinase	12	12
K08816	serine_threonine_kinase	12	12
K08816	transferase	12	12
K08817	kinase	6	6
K08817	serine_threonine_kinase	6	6
K08817	transferase	6	6
K08818	kinase	13	13
K08818	serine_threonine_kinase	13	13
K08818	transferase	13	13
K08819	kinase	15	15
K08819	serine_threonine_kinase	15	15
K08819	transferase	15	15
K08821	kinase	5	5
K08821	serine_threonine_kinase	5	5
K08821	transferase	5	5
K08823	kinase	8	8
K08823	transferase	8	8
K08824	kinase	18	18
K08824	serine_threonine_kinase	18	18
K08824	transferase	18	18
K08825	kinase	11	11
K08825	transferase	11	11
K08826	kinase	12	12
K08826	serine_threonine_kinase	12	12
K08826	transferase	12	12
K08827	kinase	7	7
K08827	serine_threonine_kinase	7	7
K08827	transferase	7	7
K08829	kinase	8	8
K08829	serine_threonine_kinase	8	8
K08829	transferase	8	8
K08832	kinase	6	6
K08832	serine_threonine_kinase	6	6
K08832	transferase	6	6
K08835	kinase	10	10
K08835	serine_threonine_kinase	10	10
K08835	transferase	10	10
K08837	kinase	6	6
K08837	serine_threonine_kinase	6	6
K08837	transferase	6	6
K08838	kinase	12	12
K08838	serine_threonine_kinase	12	12
K08838	transferase	12	12
K08850	kinase	15	15
K08850	serine_threonine_kinase	15	15
K08850	transferase	15	15
K08851	hydrolase	19	20
K08851	kinase	20	20
K08851	serine_threonine_kinase	20	20
K08851	transferase	20	20
K08852	endonuclease	9	10
K08852	hydrolase	9	10
K08852	kinase	10	10
K08852	nuclease	9	10
K08852	regulator	9	10
K08852	regulatory	9	10
K08852	rnase	9	10
K08852	serine_threonine_kinase	10	10
K08852	stress_response	9	10
K08852	transferase	10	10
K08853	kinase	9	10
K08853	serine_threonine_kinase	9	10
K08853	transferase	9	10
K08856	kinase	6	6
K08856	serine_threonine_kinase	6	6
K08856	transferase	6	6
K08857	kinase	19	19
K08857	serine_threonine_kinase	19	19
K08857	transferase	19	19
K08858	kinase	10	10
K08858	serine_threonine_kinase	10	10
K08858	transferase	10	10
K08860	kinase	6	6
K08860	serine_threonine_kinase	6	6
K08860	transferase	6	6
K08863	kinase	22	22
K08863	serine_threonine_kinase	22	22
K08863	transferase	22	22
K08864	kinase	10	10
K08864	serine_threonine_kinase	10	10
K08864	transferase	10	10
K08866	kinase	7	7
K08866	transferase	7	7
K08867	kinase	31	31
K08867	serine_threonine_kinase	31	31
K08867	transferase	31	31
K08868	kinase	6	6
K08868	serine_threonine_kinase	6	6
K08868	transferase	6	6
K08869	transferase	29	36
K08873	kinase	6	6
K08873	serine_threonine_kinase	6	6
K08873	transferase	6	6
K08884	kinase	25	25
K08884	serine_threonine_kinase	25	25
K08884	transferase	25	25
K08886	atp_binding	6	6
K08886	kinase	6	6
K08886	transferase	6	6
K08892	atp_binding	5	5
K08892	kinase	5	5
K08892	transferase	5	5
K08900	hydrolase	9	9
K08955	hydrolase	10	10
K08955	metal_binding	10	10
K08955	peptidase	10	10
K08955	protease	10	10
K08956	hydrolase	12	12
K08956	metal_binding	12	12
K08956	peptidase	12	12
K08956	protease	12	12
K08957	kinase	11	11
K08957	serine_threonine_kinase	11	11
K08957	transferase	11	11
K08958	kinase	16	16
K08958	serine_threonine_kinase	16	16
K08958	transferase	16	16
K08959	kinase	8	8
K08959	serine_threonine_kinase	8	8
K08959	transferase	8	8
K08960	cytoplasmic	9	11
K08960	kinase	11	11
K08960	serine_threonine_kinase	11	11
K08960	transferase	11	11
K08963	isomerase	286	286
K08964	dehydratase	160	160
K08964	lyase	160	160
K08965	isomerase	26	26
K08966	hydrolase	27	27
K08966	phosphatase	27	27
K08967	dioxygenase	140	145
K08967	oxidoreductase	140	145
K08967	oxygenase	140	145
K08973	oxidoreductase	5	5
K08991	dnase	18	18
K08991	endonuclease	18	18
K08991	hydrolase	18	18
K08991	nuclease	18	18
K08997	nucleotidyltransferase	253	253
K08997	transferase	253	253
K09001	atp_binding	258	258
K09001	kinase	258	258
K09001	transferase	258	258
K09006	endonuclease	33	33
K09006	hydrolase	33	33
K09006	nuclease	33	33
K09006	rnase	33	33
K09007	hydrolase	169	169
K09011	transferase	9	9
K09018	oxidoreductase	66	66
K09018	oxygenase	66	66
K09019	oxidoreductase	56	56
K09020	amidase	65	65
K09020	hydrolase	65	65
K09021	hydrolase	63	63
K09023	amidase	65	65
K09023	hydrolase	65	65
K09024	nad_binding	64	64
K09024	oxidoreductase	64	64
K09060	dna_binding	5	5
K09090	dna_binding	9	10
K09090	regulator	9	10
K09113	cytoplasmic	8	9
K09113	regulator	8	9
K09113	regulatory	8	9
K09128	dehydratase	17	17
K09128	lyase	17	17
K09140	transferase	26	26
K09207	dna_binding	5	5
K09209	regulator	5	5
K09209	regulatory	5	5
K09251	aminotransferase	47	47
K09251	plp_binding	47	47
K09251	transferase	47	47
K09252	esterase	8	8
K09252	hydrolase	8	8
K09268	dna_binding	8	9
K09330	activator	6	6
K09330	dna_binding	6	6
K09330	regulator	6	6
K09330	regulatory	6	6
K09330	transcription	6	6
K09330	transcription_factor	6	6
K09457	nad_binding	206	206
K09457	nitrogen_metabolism	206	206
K09457	oxidoreductase	206	206
K09458	transferase	23	23
K09478	flavin_binding	6	6
K09478	oxidoreductase	6	6
K09482	ligase	38	38
K09482	synthetase	38	38
K09487	atp_binding	13	15
K09530	oxidoreductase	5	5
K09530	sulfur_metabolism	5	5
K09561	transferase	5	5
K09564	isomerase	5	5
K09565	isomerase	7	7
K09566	isomerase	6	6
K09567	isomerase	14	14
K09568	isomerase	29	29
K09569	isomerase	19	19
K09571	isomerase	13	13
K09575	isomerase	7	7
K09578	isomerase	9	9
K09579	isomerase	10	10
K09580	isomerase	28	31
K09584	isomerase	18	19
K09592	dioxygenase	9	9
K09592	oxidoreductase	9	9
K09592	oxygenase	9	9
K09595	cytoplasmic	8	9
K09595	hydrolase	9	9
K09595	peptidase	9	9
K09595	protease	9	9
K09597	hydrolase	12	12
K09597	peptidase	12	12
K09597	protease	12	12
K09598	hydrolase	5	5
K09598	peptidase	5	5
K09598	protease	5	5
K09602	hydrolase	7	7
K09602	peptidase	7	7
K09602	protease	7	7
K09613	hydrolase	25	26
K09613	peptidase	25	26
K09613	protease	25	26
K09624	hydrolase	5	5
K09624	peptidase	5	5
K09624	protease	5	5
K09627	hydrolase	5	5
K09627	peptidase	5	5
K09627	protease	5	5
K09645	hydrolase	8	8
K09645	peptidase	8	8
K09645	protease	8	8
K09647	hydrolase	7	7
K09647	peptidase	7	7
K09647	protease	7	7
K09648	hydrolase	7	7
K09648	peptidase	7	7
K09648	protease	7	7
K09650	hydrolase	9	9
K09650	peptidase	9	9
K09650	protease	9	9
K09651	hydrolase	5	5
K09651	peptidase	5	5
K09651	protease	5	5
K09654	glycosyltransferase	5	5
K09654	transferase	5	5
K09662	glycosyltransferase	7	7
K09662	transferase	7	7
K09667	glycosyltransferase	11	11
K09667	transferase	11	11
K09668	glycosyltransferase	11	11
K09668	transferase	11	11
K09669	glycosyltransferase	7	8
K09669	transferase	7	8
K09674	sulfurtransferase	6	6
K09674	transferase	6	6
K09680	atp_binding	33	33
K09680	kinase	33	33
K09680	transferase	33	33
K09693	atp_binding	25	25
K09693	translocase	25	25
K09693	transporter	25	25
K09695	atp_binding	16	16
K09695	translocase	16	16
K09695	transporter	16	16
K09698	ligase	146	146
K09698	translation	146	146
K09698	trna_synthetase	146	146
K09699	transferase	9	9
K09708	hydrolase	5	5
K09708	peptidase	5	5
K09708	protease	5	5
K09716	esterase	57	57
K09716	hydrolase	57	57
K09722	ligase	5	5
K09722	synthetase	5	5
K09733	lyase	16	16
K09735	atp_binding	61	61
K09735	kinase	61	61
K09735	transferase	61	61
K09753	nad_binding	6	6
K09753	oxidoreductase	6	6
K09759	ligase	31	31
K09759	translation	31	31
K09759	trna_synthetase	31	31
K09761	methyltransferase	21	22
K09761	transferase	21	22
K09765	oxidoreductase	10	11
K09773	atp_binding	391	391
K09773	kinase	391	391
K09773	serine_threonine_kinase	391	391
K09773	transferase	391	391
K09810	atp_binding	184	184
K09810	translocase	184	184
K09810	transporter	184	184
K09814	atp_binding	14	14
K09814	translocase	14	14
K09814	transporter	14	14
K09817	ion_transporter	93	102
K09817	translocase	93	102
K09817	transporter	93	102
K09827	dehydrogenase	9	9
K09827	nad_binding	9	9
K09827	oxidoreductase	9	9
K09828	nad_binding	5	5
K09828	oxidoreductase	5	5
K09829	isomerase	9	10
K09831	oxidoreductase	5	5
K09831	oxygenase	5	5
K09833	transferase	5	5
K09840	dioxygenase	14	15
K09840	oxidoreductase	15	15
K09840	oxygenase	15	15
K09843	flavin_binding	8	8
K09843	monooxygenase	8	8
K09843	oxidoreductase	8	8
K09843	oxygenase	8	8
K09880	hydrolase	143	143
K09880	phosphatase	143	143
K09887	hydrolase	7	7
K09900	amidase	79	79
K09900	hydrolase	79	79
K09903	atp_binding	550	550
K09903	kinase	550	550
K09903	transferase	550	550
K09913	glycosyltransferase	183	183
K09913	transferase	183	183
K09933	hydrolase	61	62
K09933	peptidase	61	62
K09933	protease	61	62
K09935	glycosidase	6	6
K09935	hydrolase	6	6
K09951	hydrolase	71	71
K09952	hydrolase	9	10
K10000	translocase	5	5
K10000	transporter	5	5
K10011	dehydrogenase	73	73
K10011	nad_binding	73	73
K10011	oxidoreductase	73	73
K10011	transferase	73	73
K10012	glycosyltransferase	73	73
K10012	transferase	73	73
K10026	lyase	40	40
K10028	decarboxylase	9	9
K10028	lyase	9	9
K10047	biosynthesis	5	5
K10047	hydrolase	5	5
K10047	phosphatase	5	5
K10080	cytoplasmic	5	5
K10106	decarboxylase	7	7
K10106	lyase	7	7
K10111	atp_binding	24	24
K10111	translocase	24	24
K10111	transporter	24	24
K10112	translocase	18	22
K10112	transporter	18	22
K10144	transferase	6	6
K10158	glycosyltransferase	5	5
K10158	transferase	5	5
K10203	transferase	13	13
K10206	aminotransferase	103	103
K10206	plp_binding	103	103
K10206	transferase	103	103
K10208	transferase	10	10
K10209	flavin_binding	11	11
K10209	oxidoreductase	11	11
K10210	oxidoreductase	12	12
K10210	oxygenase	11	12
K10211	glycosyltransferase	11	11
K10211	transferase	11	11
K10212	transferase	11	11
K10213	glycosidase	27	27
K10213	hydrolase	27	27
K10215	monooxygenase	8	8
K10215	nad_binding	8	8
K10215	oxidoreductase	8	8
K10215	oxygenase	8	8
K10223	oxidoreductase	9	9
K10223	oxygenase	9	9
K10226	oxidoreductase	8	8
K10226	oxygenase	8	8
K10244	transferase	7	7
K10249	transferase	5	5
K10250	transferase	5	5
K10251	dehydrogenase	47	48
K10251	nad_binding	47	48
K10251	oxidoreductase	48	48
K10255	oxidoreductase	6	6
K10255	oxygenase	6	6
K10257	oxidoreductase	11	11
K10257	oxygenase	11	11
K10258	nad_binding	10	10
K10258	oxidoreductase	10	10
K10276	dioxygenase	19	19
K10276	oxidoreductase	19	19
K10276	oxygenase	19	19
K10354	atp_binding	9	9
K10354	atpase	9	9
K10354	hydrolase	9	9
K10355	atp_binding	37	39
K10355	atpase	37	39
K10355	hydrolase	37	39
K10358	cytoplasmic	5	5
K10358	transporter	5	5
K10441	atp_binding	96	97
K10441	translocase	96	97
K10441	transporter	96	97
K10524	atp_binding	8	8
K10524	kinase	8	8
K10524	transferase	8	8
K10525	isomerase	5	5
K10526	ligase	6	6
K10526	synthetase	6	6
K10527	dehydratase	5	5
K10527	dehydrogenase	5	5
K10527	isomerase	5	5
K10527	lyase	5	5
K10527	nad_binding	5	5
K10527	oxidoreductase	5	5
K10527	racemase	5	5
K10531	monooxygenase	7	7
K10531	nad_binding	7	7
K10531	oxidoreductase	7	7
K10531	oxygenase	7	7
K10534	nad_binding	10	10
K10534	nitrogen_metabolism	10	10
K10534	oxidoreductase	10	10
K10536	hydrolase	58	58
K10539	atp_binding	38	38
K10539	translocase	38	38
K10539	transporter	38	38
K10542	atp_binding	30	30
K10542	translocase	30	30
K10542	transporter	30	30
K10545	atp_binding	31	31
K10545	translocase	31	31
K10545	transporter	31	31
K10558	atp_binding	25	26
K10558	translocase	25	26
K10558	transporter	25	26
K10562	atp_binding	12	12
K10562	translocase	12	12
K10562	transporter	12	12
K10563	glycosidase	444	445
K10563	hydrolase	444	445
K10563	lyase	444	445
K10572	atp_binding	10	10
K10572	kinase	10	10
K10572	transferase	10	10
K10573	transferase	21	21
K10574	transferase	5	5
K10575	transferase	8	8
K10576	transferase	8	8
K10577	transferase	16	16
K10579	transferase	15	15
K10580	transferase	12	13
K10581	transferase	7	7
K10582	transferase	10	10
K10583	transferase	23	23
K10585	transferase	5	5
K10589	transferase	6	6
K10590	transferase	9	9
K10591	transferase	14	14
K10592	transferase	8	8
K10596	transferase	5	5
K10597	cytoplasmic	6	6
K10597	transferase	6	6
K10598	isomerase	10	12
K10598	transferase	12	12
K10599	transferase	12	12
K10601	transferase	13	13
K10605	transferase	7	7
K10625	transferase	6	6
K10627	transferase	12	12
K10628	hydrolase	8	8
K10628	transferase	8	8
K10629	transferase	5	5
K10635	transferase	6	6
K10637	transferase	5	5
K10638	transferase	11	12
K10644	transferase	6	6
K10645	transferase	7	7
K10656	transferase	7	7
K10657	transferase	14	14
K10659	transferase	8	8
K10660	transferase	6	6
K10661	transferase	5	5
K10664	transferase	16	16
K10666	transferase	14	14
K10667	transferase	8	8
K10668	transferase	5	5
K10669	atp_binding	5	5
K10669	kinase	5	5
K10669	transferase	5	5
K10670	oxidoreductase	10	10
K10674	dioxygenase	9	9
K10674	oxidoreductase	9	9
K10674	oxygenase	9	9
K10675	dehydratase	6	6
K10675	lyase	6	6
K10681	sensor_kinase	12	12
K10681	transferase	12	12
K10681	two_component	12	12
K10683	transferase	5	5
K10685	transferase	9	10
K10686	ligase	11	11
K10686	synthetase	11	11
K10687	transferase	9	9
K10688	transferase	13	13
K10689	transferase	7	7
K10693	transferase	5	5
K10694	transferase	9	9
K10695	transferase	13	13
K10696	transferase	32	32
K10701	biotin_binding	5	5
K10701	carboxylase	5	5
K10701	ligase	5	5
K10703	dehydratase	21	21
K10703	lyase	21	21
K10705	nad_binding	6	6
K10705	oxidoreductase	6	6
K10726	isomerase	6	6
K10737	isomerase	9	9
K10738	isomerase	6	6
K10742	hydrolase	7	7
K10742	isomerase	7	7
K10743	endonuclease	11	11
K10743	hydrolase	11	11
K10743	nuclease	11	11
K10743	rnase	11	11
K10746	hydrolase	9	9
K10747	ligase	74	74
K10747	ligase_dna	74	74
K10758	oxidoreductase	12	12
K10758	sulfur_metabolism	12	12
K10760	transferase	8	8
K10761	nucleotidyltransferase	15	16
K10761	transferase	15	16
K10767	dioxygenase	8	8
K10767	oxidoreductase	8	8
K10767	oxygenase	8	8
K10768	dioxygenase	5	5
K10768	oxidoreductase	5	5
K10768	oxygenase	5	5
K10771	dnase	12	13
K10771	endonuclease	12	13
K10771	hydrolase	13	13
K10771	nuclease	12	13
K10772	exonuclease	7	7
K10772	hydrolase	7	7
K10772	nuclease	7	7
K10773	lyase	32	34
K10775	lyase	15	15
K10777	ligase	20	20
K10777	ligase_dna	20	20
K10779	atp_binding	6	6
K10779	atpase	6	6
K10779	hydrolase	6	6
K10798	glycosyltransferase	8	8
K10798	transferase	8	8
K10799	glycosyltransferase	5	5
K10799	transferase	5	5
K10800	glycosidase	5	5
K10800	hydrolase	5	5
K10806	hydrolase	10	10
K10807	oxidoreductase	17	17
K10808	oxidoreductase	22	22
K10823	translocase	13	14
K10823	transporter	13	14
K10824	ion_transporter	18	18
K10824	translocase	18	18
K10824	transporter	18	18
K10831	atp_binding	43	43
K10831	translocase	43	43
K10831	transporter	43	43
K10834	atp_binding	71	71
K10834	translocase	71	71
K10834	transporter	71	71
K10837	atp_binding	5	5
K10837	kinase	5	5
K10837	transferase	5	5
K10838	dna_repair	7	7
K10838	stress_response	7	7
K10841	atp_binding	6	6
K10841	atpase	6	6
K10841	hydrolase	6	6
K10843	isomerase	20	20
K10844	isomerase	10	10
K10862	hydrolase	7	7
K10862	phosphodiesterase	7	7
K10863	hydrolase	13	14
K10866	hydrolase	11	12
K10872	cell_division	7	8
K10872	mobile_element	7	8
K10872	recombinase	7	8
K10872	recombinational_repair	7	8
K10872	resolvase	7	8
K10875	atp_binding	20	23
K10875	atpase	20	23
K10875	hydrolase	20	23
K10877	atp_binding	5	5
K10877	atpase	5	5
K10877	hydrolase	5	5
K10878	isomerase	15	15
K10884	atp_binding	12	13
K10884	atpase	12	13
K10884	hydrolase	12	13
K10885	atp_binding	11	13
K10885	atpase	11	13
K10885	hydrolase	11	13
K10887	hydrolase	6	6
K10899	isomerase	8	8
K10900	enzyme	5	5
K10900	isomerase	5	5
K10901	enzyme	9	11
K10901	helicase	9	11
K10901	isomerase	11	11
K10901	mobile_element	9	11
K10901	recombinase	9	11
K10901	recombinational_repair	9	11
K10901	resolvase	9	11
K10908	nucleotidyltransferase	14	14
K10908	transferase	14	14
K10950	oxidoreductase	9	9
K10950	sulfur_metabolism	9	9
K10960	nad_binding	5	5
K10960	oxidoreductase	5	5
K10967	glycosyltransferase	10	10
K10967	transferase	10	10
K10976	oxidoreductase	7	7
K10976	sulfur_metabolism	7	7
K10977	transferase	5	5
K10999	glycosyltransferase	19	19
K10999	transferase	19	19
K11000	glycosyltransferase	12	12
K11000	transferase	12	12
K11065	oxidoreductase	48	48
K11065	peroxidase	48	48
K11072	atp_binding	156	156
K11072	translocase	156	156
K11072	transporter	156	156
K11085	atp_binding	104	106
K11085	translocase	104	106
K11085	transporter	104	106
K11121	transferase	19	19
K11126	nucleotidyltransferase	12	12
K11126	transferase	12	12
K11131	isomerase	16	16
K11131	mutase	16	16
K11136	isomerase	20	20
K11140	hydrolase	10	10
K11140	peptidase	10	10
K11140	protease	10	10
K11141	hydrolase	5	5
K11141	peptidase	5	5
K11141	protease	5	5
K11145	endonuclease	18	20
K11145	hydrolase	18	20
K11145	nuclease	18	20
K11145	rnase	18	20
K11147	dehydrogenase	7	8
K11147	nad_binding	7	8
K11147	oxidoreductase	8	8
K11151	dehydrogenase	9	9
K11151	nad_binding	9	9
K11151	oxidoreductase	9	9
K11154	dehydrogenase	5	5
K11154	nad_binding	5	5
K11154	oxidoreductase	5	5
K11155	enzyme	8	9
K11155	transferase	9	9
K11158	carbohydrate_esterase	7	8
K11158	enzyme	7	8
K11158	esterase	8	8
K11158	hydrolase	8	8
K11158	isomerase	8	8
K11160	transferase	7	7
K11166	oxidoreductase	10	10
K11167	oxidoreductase	7	7
K11173	oxidoreductase	14	14
K11175	transferase	13	13
K11176	hydrolase	20	20
K11179	sulfurtransferase	20	20
K11179	transferase	20	20
K11188	oxidoreductase	11	11
K11188	peroxidase	11	11
K11192	atp_binding	14	14
K11192	kinase	14	14
K11192	transferase	14	14
K11202	atp_binding	9	9
K11202	kinase	9	9
K11202	transferase	9	9
K11204	biosynthesis	8	9
K11204	ligase	9	9
K11204	nrps	8	9
K11204	sulfur_assimilation	8	9
K11204	sulfur_metabolism	8	9
K11204	synthetase	9	9
K11206	hydrolase	17	18
K11210	transferase	43	43
K11211	atp_binding	26	26
K11211	kinase	26	26
K11211	transferase	26	26
K11212	transferase	41	41
K11216	atp_binding	25	25
K11216	kinase	25	25
K11216	transferase	25	25
K11226	kinase	6	6
K11226	transferase	6	6
K11257	glycosyltransferase	8	8
K11257	transferase	8	8
K11259	lyase	5	5
K11262	biotin_binding	13	13
K11262	carboxylase	13	13
K11262	ligase	13	13
K11268	transferase	13	13
K11273	isomerase	21	21
K11303	transferase	25	25
K11304	transferase	20	20
K11308	transferase	7	7
K11323	dioxygenase	12	12
K11323	oxidoreductase	12	12
K11323	oxygenase	12	12
K11338	atp_binding	25	25
K11338	atpase	25	25
K11338	hydrolase	25	25
K11366	hydrolase	14	14
K11366	peptidase	14	14
K11366	protease	14	14
K11367	atp_binding	7	7
K11367	atpase	7	7
K11367	hydrolase	7	7
K11391	methyltransferase	105	105
K11391	transferase	105	105
K11392	methyltransferase	86	86
K11392	transferase	86	86
K11393	methyltransferase	10	10
K11393	transferase	10	10
K11404	amidase	10	10
K11404	hydrolase	10	10
K11405	amidase	7	7
K11405	hydrolase	7	7
K11406	amidase	9	9
K11406	hydrolase	9	9
K11407	amidase	7	7
K11407	hydrolase	7	7
K11411	transferase	6	6
K11412	transferase	6	6
K11414	cytoplasmic	7	7
K11414	transferase	7	7
K11415	transferase	16	16
K11416	transferase	6	6
K11417	transferase	5	5
K11419	methyltransferase	17	17
K11419	transferase	17	17
K11420	chromatin	8	9
K11420	enzyme	8	9
K11420	methyltransferase	8	9
K11420	transferase	8	9
K11421	methyltransferase	5	5
K11421	transferase	5	5
K11422	methyltransferase	27	27
K11422	transferase	27	27
K11426	methyltransferase	13	13
K11426	transferase	13	13
K11427	methyltransferase	19	19
K11427	transferase	19	19
K11428	methyltransferase	9	9
K11428	transferase	9	9
K11429	methyltransferase	21	21
K11429	transferase	21	21
K11430	methyltransferase	15	15
K11430	transferase	15	15
K11433	methyltransferase	7	7
K11433	transferase	7	7
K11434	methyltransferase	13	13
K11434	transferase	13	13
K11436	methyltransferase	6	6
K11436	transferase	6	6
K11437	methyltransferase	8	8
K11437	transferase	8	8
K11438	methyltransferase	24	24
K11438	transferase	24	24
K11442	nucleotidyltransferase	13	13
K11442	transferase	13	13
K11446	dioxygenase	21	22
K11446	oxidoreductase	21	22
K11446	oxygenase	21	22
K11450	chromatin	5	5
K11450	oxidoreductase	5	5
K11450	regulator	5	5
K11450	regulatory	5	5
K11479	kinase	10	10
K11479	serine_threonine_kinase	10	10
K11479	transferase	10	10
K11481	kinase	5	5
K11481	serine_threonine_kinase	5	5
K11481	transferase	5	5
K11517	oxidoreductase	22	22
K11529	atp_binding	9	10
K11529	kinase	9	10
K11529	transferase	9	10
K11530	isomerase	26	26
K11532	hydrolase	31	31
K11532	phosphatase	31	31
K11536	inner_membrane	10	11
K11536	membrane	10	11
K11536	transporter	9	11
K11539	dehydrogenase	6	6
K11539	nad_binding	6	6
K11539	oxidoreductase	6	6
K11540	amidase	5	5
K11540	hydrolase	5	5
K11540	ligase	5	5
K11540	synthetase	5	5
K11540	transferase	5	5
K11592	endonuclease	25	25
K11592	hydrolase	25	25
K11592	nuclease	25	25
K11592	rnase	25	25
K11594	atp_binding	44	45
K11594	atpase	44	45
K11594	hydrolase	44	45
K11608	transferase	10	10
K11609	transferase	5	5
K11644	chromatin	9	11
K11645	lyase	14	15
K11646	nad_binding	33	33
K11646	oxidoreductase	33	33
K11647	atp_binding	7	7
K11647	atpase	7	7
K11647	hydrolase	7	7
K11654	atp_binding	10	10
K11654	atpase	10	10
K11654	hydrolase	10	10
K11654	regulator	9	10
K11654	regulatory	9	10
K11661	atp_binding	15	15
K11661	atpase	15	15
K11661	hydrolase	15	15
K11665	atp_binding	26	26
K11665	atpase	26	26
K11665	hydrolase	26	26
K11687	amidase	7	7
K11687	carbohydrate_active	7	7
K11687	glycosidase	7	7
K11687	hydrolase	7	7
K11693	transferase	13	13
K11694	transferase	10	10
K11695	transferase	10	10
K11699	nucleotidyltransferase	7	7
K11699	transferase	7	7
K11703	transferase	12	12
K11713	transferase	8	8
K11716	regulator	5	5
K11716	regulatory	5	5
K11717	sulfurtransferase	93	93
K11717	transferase	93	93
K11718	glycosyltransferase	9	9
K11718	transferase	9	9
K11725	hydrolase	6	6
K11725	phosphatase	6	6
K11746	nad_binding	43	43
K11746	oxidoreductase	43	43
K11748	nad_binding	55	55
K11748	oxidoreductase	55	55
K11749	hydrolase	61	61
K11749	metal_binding	61	61
K11749	peptidase	61	61
K11749	protease	61	61
K11750	esterase	69	69
K11750	hydrolase	69	69
K11751	hydrolase	8	9
K11751	phosphatase	8	9
K11752	dehydrogenase	13	15
K11752	hydrolase	15	15
K11752	nad_binding	13	15
K11752	oxidoreductase	13	15
K11753	atp_binding	13	13
K11753	kinase	13	13
K11753	nucleotidyltransferase	13	13
K11753	transferase	13	13
K11754	ligase	7	8
K11754	synthetase	7	8
K11755	hydrolase	58	58
K11778	transferase	16	16
K11779	lyase	8	8
K11779	transferase	8	8
K11780	lyase	30	30
K11781	transferase	35	35
K11787	ligase	6	6
K11787	synthetase	6	6
K11787	transferase	6	6
K11808	decarboxylase	7	7
K11808	lyase	7	7
K11816	monooxygenase	13	13
K11816	nad_binding	13	13
K11816	oxidoreductase	13	13
K11816	oxygenase	13	13
K11817	oxidoreductase	5	5
K11822	sulfurtransferase	10	10
K11822	transferase	10	10
K11824	cytoplasmic	11	12
K11824	inner_membrane	10	12
K11824	membrane	10	12
K11833	hydrolase	5	5
K11833	peptidase	5	5
K11833	protease	5	5
K11834	hydrolase	9	9
K11834	peptidase	9	9
K11834	protease	9	9
K11835	hydrolase	10	10
K11835	peptidase	10	10
K11835	protease	10	10
K11836	hydrolase	12	12
K11836	peptidase	12	12
K11836	protease	12	12
K11837	hydrolase	5	5
K11837	peptidase	5	5
K11837	protease	5	5
K11838	cysteine_protease	10	12
K11838	deubiquitinase	10	12
K11838	enzyme	10	12
K11838	hydrolase	12	12
K11838	peptidase	12	12
K11838	protease	12	12
K11839	hydrolase	8	8
K11839	peptidase	8	8
K11839	protease	8	8
K11840	hydrolase	6	6
K11840	peptidase	6	6
K11840	protease	6	6
K11841	hydrolase	12	12
K11841	peptidase	12	12
K11841	protease	12	12
K11842	hydrolase	16	16
K11842	peptidase	16	16
K11842	protease	16	16
K11843	hydrolase	10	10
K11843	peptidase	10	10
K11843	protease	10	10
K11844	hydrolase	14	14
K11844	peptidase	14	14
K11844	protease	14	14
K11845	hydrolase	20	23
K11845	peptidase	20	23
K11845	protease	20	23
K11848	hydrolase	13	13
K11848	peptidase	13	13
K11848	protease	13	13
K11849	hydrolase	6	6
K11849	peptidase	6	6
K11849	protease	6	6
K11850	hydrolase	9	9
K11850	peptidase	9	9
K11850	protease	9	9
K11851	hydrolase	7	7
K11851	peptidase	7	7
K11851	protease	7	7
K11855	hydrolase	20	20
K11855	peptidase	20	20
K11855	protease	20	20
K11857	hydrolase	5	5
K11857	peptidase	5	5
K11857	protease	5	5
K11858	hydrolase	5	5
K11858	peptidase	5	5
K11858	protease	5	5
K11862	hydrolase	8	8
K11862	peptidase	8	8
K11862	protease	8	8
K11863	hydrolase	9	9
K11863	peptidase	9	9
K11863	protease	9	9
K11864	hydrolase	11	11
K11864	peptidase	11	11
K11864	protease	11	11
K11865	hydrolase	5	5
K11865	peptidase	5	5
K11865	protease	5	5
K11866	hydrolase	8	8
K11866	peptidase	8	8
K11866	protease	8	8
K11872	hydrolase	7	7
K11872	peptidase	7	7
K11872	protease	7	7
K11883	hydrolase	8	8
K11885	hydrolase	28	28
K11885	peptidase	28	28
K11885	protease	28	28
K11936	glycosyltransferase	10	10
K11936	transferase	10	10
K11938	hydrolase	58	58
K11941	transferase	41	41
K11964	enzyme	5	5
K11964	regulator	5	5
K11964	regulatory	5	5
K11964	transferase	5	5
K11964	ubiquitin_ligase	5	5
K11968	transferase	21	21
K11971	transferase	5	5
K11975	transferase	8	8
K11981	transferase	5	5
K11982	transferase	15	16
K11983	transferase	5	5
K11987	oxidoreductase	9	9
K11987	oxygenase	9	9
K11988	hydrolase	7	7
K11989	hydrolase	5	5
K11991	hydrolase	25	25
K11994	dnase	9	9
K11994	endonuclease	9	9
K11994	hydrolase	9	9
K11994	nuclease	9	9
K11995	dnase	11	11
K11995	endonuclease	11	11
K11995	hydrolase	11	11
K11995	nuclease	11	11
K11996	nucleotidyltransferase	43	43
K11996	sulfurtransferase	43	43
K11996	transferase	43	43
K11997	transferase	8	9
K11999	transferase	6	6
K12002	transferase	5	5
K12008	transferase	5	5
K12036	transferase	6	6
K12073	hydrolase	32	32
K12132	kinase	47	48
K12132	serine_threonine_kinase	47	48
K12132	transferase	48	48
K12150	hydrolase	6	6
K12152	hydrolase	16	16
K12166	transferase	7	7
K12171	transferase	13	13
K12196	atp_binding	12	13
K12196	atpase	12	13
K12196	hydrolase	12	13
K12232	transferase	6	6
K12234	ligase	15	15
K12234	synthetase	15	15
K12235	enzyme	7	8
K12235	epimerase	7	8
K12235	isomerase	8	8
K12235	lyase	8	8
K12235	racemase	8	8
K12251	amidase	5	5
K12251	hydrolase	5	5
K12260	enzyme	6	6
K12260	halogenase	6	6
K12260	oxidase	6	6
K12260	oxidative_stress	6	6
K12260	oxidoreductase	6	6
K12260	sulfur_metabolism	6	6
K12261	lyase	7	7
K12265	nad_binding	55	55
K12265	oxidoreductase	55	55
K12267	oxidoreductase	17	17
K12267	sulfur_metabolism	17	17
K12297	methyltransferase	164	164
K12297	transferase	164	164
K12304	hydrolase	5	5
K12308	carbohydrate_active	11	11
K12308	glycosidase	11	11
K12308	hydrolase	11	11
K12309	carbohydrate_active	9	9
K12309	glycosidase	9	9
K12309	hydrolase	9	9
K12310	carbohydrate_active	5	5
K12310	glycosidase	5	5
K12310	hydrolase	5	5
K12311	carbohydrate_active	6	6
K12311	glycosidase	6	6
K12311	hydrolase	6	6
K12313	atp_binding	6	6
K12313	atpase	6	6
K12313	hydrolase	6	6
K12314	atp_binding	16	16
K12314	atpase	16	16
K12314	hydrolase	16	16
K12315	atp_binding	5	5
K12315	atpase	5	5
K12315	hydrolase	5	5
K12316	carbohydrate_active	5	5
K12316	glycosidase	5	5
K12316	hydrolase	5	5
K12318	lyase	8	8
K12319	lyase	9	9
K12320	lyase	5	5
K12321	lyase	6	6
K12323	lyase	5	5
K12345	nad_binding	15	15
K12345	oxidoreductase	15	15
K12348	amidase	10	10
K12348	hydrolase	10	10
K12349	amidase	14	14
K12349	hydrolase	14	14
K12350	hydrolase	8	8
K12350	phosphodiesterase	8	8
K12351	hydrolase	6	6
K12351	phosphodiesterase	6	6
K12357	carbohydrate_active	9	9
K12357	glycosidase	9	9
K12357	hydrolase	9	9
K12371	translocase	5	5
K12371	transporter	5	5
K12373	carbohydrate_active	28	28
K12373	glycosidase	28	28
K12373	hydrolase	28	28
K12375	hydrolase	6	6
K12376	hydrolase	7	7
K12390	hydrolase	6	6
K12392	cytoplasmic	6	6
K12404	transporter	9	10
K12404	vesicle_trafficking	9	10
K12410	transferase	106	106
K12431	transferase	5	5
K12445	nad_binding	7	7
K12445	oxidoreductase	7	7
K12447	nucleotidyltransferase	5	5
K12447	transferase	5	5
K12448	isomerase	6	6
K12448	racemase	6	6
K12503	transferase	16	16
K12506	lyase	93	93
K12506	nucleotidyltransferase	93	93
K12506	transferase	93	93
K12524	atp_binding	8	8
K12524	dehydrogenase	8	8
K12524	kinase	8	8
K12524	nad_binding	8	8
K12524	oxidoreductase	8	8
K12524	transferase	8	8
K12550	oxidoreductase	6	6
K12550	peroxidase	6	6
K12562	cytoplasmic	10	10
K12571	exonuclease	27	28
K12571	hydrolase	27	28
K12571	nuclease	27	28
K12571	rnase	27	28
K12573	exonuclease	21	22
K12573	hydrolase	21	22
K12573	nuclease	21	22
K12573	rnase	21	22
K12574	hydrolase	44	46
K12580	regulator	6	6
K12580	regulatory	6	6
K12581	exonuclease	23	23
K12581	hydrolase	23	23
K12581	nuclease	23	23
K12581	rnase	23	23
K12582	glycosyltransferase	58	58
K12582	transferase	58	58
K12584	hydrolase	8	8
K12585	exonuclease	6	6
K12585	hydrolase	6	6
K12585	nuclease	6	6
K12585	rnase	6	6
K12591	exonuclease	8	9
K12591	hydrolase	8	9
K12591	nuclease	8	9
K12591	rnase	8	9
K12598	atp_binding	9	9
K12598	atpase	9	9
K12598	hydrolase	9	9
K12599	atp_binding	5	5
K12599	atpase	5	5
K12599	hydrolase	5	5
K12603	exonuclease	32	32
K12603	hydrolase	32	32
K12603	nuclease	32	32
K12603	rnase	32	32
K12605	regulator	6	6
K12605	regulatory	6	6
K12613	hydrolase	8	8
K12614	atp_binding	41	41
K12614	atpase	41	41
K12614	hydrolase	41	41
K12619	exonuclease	23	23
K12619	hydrolase	23	23
K12619	nuclease	23	23
K12619	rnase	23	23
K12655	hydrolase	8	8
K12655	peptidase	8	8
K12655	protease	8	8
K12657	atp_binding	8	8
K12657	kinase	8	8
K12657	nad_binding	8	8
K12657	oxidoreductase	8	8
K12657	transferase	8	8
K12658	isomerase	35	36
K12658	racemase	35	36
K12660	lyase	33	33
K12661	dehydratase	46	46
K12661	lyase	46	46
K12663	isomerase	6	6
K12664	monooxygenase	6	6
K12664	nad_binding	6	6
K12664	oxidoreductase	6	6
K12664	oxygenase	6	6
K12684	hydrolase	9	9
K12684	peptidase	9	9
K12684	protease	9	9
K12700	glycosidase	42	42
K12700	hydrolase	42	42
K12733	isomerase	11	11
K12734	isomerase	13	13
K12735	isomerase	12	12
K12736	isomerase	6	6
K12761	kinase	5	5
K12761	serine_threonine_kinase	5	5
K12761	transferase	5	5
K12800	atp_binding	5	5
K12800	atpase	5	5
K12800	hydrolase	5	5
K12811	atp_binding	34	34
K12811	atpase	34	34
K12811	hydrolase	34	34
K12812	atp_binding	38	38
K12812	atpase	38	38
K12812	hydrolase	38	38
K12813	atp_binding	9	9
K12813	atpase	9	9
K12813	hydrolase	9	9
K12815	atp_binding	6	6
K12815	atpase	6	6
K12815	hydrolase	6	6
K12818	atp_binding	12	12
K12818	atpase	12	12
K12818	hydrolase	12	12
K12820	atp_binding	10	10
K12820	atpase	10	10
K12820	hydrolase	10	10
K12823	atp_binding	43	43
K12823	atpase	43	43
K12823	hydrolase	43	43
K12835	atp_binding	8	8
K12835	atpase	8	8
K12835	hydrolase	8	8
K12854	atp_binding	9	9
K12854	atpase	9	9
K12854	hydrolase	9	9
K12858	atp_binding	29	29
K12858	atpase	29	29
K12858	hydrolase	29	29
K12944	hydrolase	42	42
K12945	hydrolase	35	35
K12950	ion_transporter	5	5
K12950	translocase	5	5
K12950	transporter	5	5
K12952	ion_transporter	5	5
K12952	translocase	5	5
K12952	transporter	5	5
K12960	hydrolase	77	77
K12972	dehydrogenase	48	48
K12972	nad_binding	48	48
K12972	oxidoreductase	48	48
K12973	transferase	62	62
K13014	amidase	72	72
K13014	hydrolase	72	72
K13024	atp_binding	12	12
K13024	kinase	12	12
K13024	transferase	12	12
K13025	atp_binding	43	43
K13025	atpase	43	43
K13025	hydrolase	43	43
K13034	lyase	5	5
K13035	hydrolase	6	6
K13038	decarboxylase	17	17
K13038	ligase	17	17
K13038	lyase	17	17
K13038	synthetase	17	17
K13049	amidase	7	8
K13049	hydrolase	8	8
K13050	hydrolase	6	6
K13050	peptidase	6	6
K13050	protease	6	6
K13051	amidase	18	22
K13051	hydrolase	22	22
K13065	transferase	8	8
K13066	methyltransferase	6	6
K13066	transferase	6	6
K13069	nucleotidyltransferase	8	8
K13069	transferase	8	8
K13075	esterase	7	7
K13075	hydrolase	7	7
K13076	oxidoreductase	6	6
K13076	oxygenase	6	6
K13084	hydrolase	13	13
K13084	phosphatase	13	13
K13116	atp_binding	8	8
K13116	atpase	8	8
K13116	hydrolase	8	8
K13117	atp_binding	5	5
K13117	atpase	5	5
K13117	hydrolase	5	5
K13148	hydrolase	8	8
K13177	atp_binding	11	11
K13177	atpase	11	11
K13177	hydrolase	11	11
K13179	atp_binding	34	34
K13179	atpase	34	34
K13179	hydrolase	34	34
K13181	atp_binding	31	31
K13181	atpase	31	31
K13181	hydrolase	31	31
K13184	atp_binding	6	6
K13184	atpase	6	6
K13184	hydrolase	6	6
K13185	atp_binding	6	6
K13185	atpase	6	6
K13185	hydrolase	6	6
K13210	regulator	6	6
K13210	regulatory	6	6
K13236	oxidoreductase	6	6
K13237	nad_binding	6	6
K13237	oxidoreductase	6	6
K13239	cytoplasmic	6	6
K13239	isomerase	6	6
K13240	monooxygenase	7	7
K13240	nad_binding	7	7
K13240	oxidoreductase	7	7
K13240	oxygenase	7	7
K13241	monooxygenase	8	8
K13241	nad_binding	8	8
K13241	oxidoreductase	8	8
K13241	oxygenase	8	8
K13247	dehydrogenase	7	7
K13247	nad_binding	7	7
K13247	oxidoreductase	7	7
K13248	hydrolase	8	8
K13248	phosphatase	7	8
K13252	transferase	11	11
K13254	isomerase	23	23
K13273	atp_binding	5	5
K13273	kinase	5	5
K13273	transferase	5	5
K13279	oxidoreductase	9	9
K13279	peroxidase	9	9
K13280	hydrolase	56	57
K13280	peptidase	56	57
K13280	protease	56	57
K13281	hydrolase	20	20
K13282	hydrolase	5	5
K13282	peptidase	5	5
K13282	protease	5	5
K13288	hydrolase	169	169
K13289	hydrolase	35	35
K13289	peptidase	35	35
K13289	protease	35	35
K13291	enzyme	5	5
K13291	nucleotidyltransferase	5	5
K13291	phosphotransferase	5	5
K13291	polymerase	5	5
K13291	regulator	5	5
K13291	regulatory	5	5
K13291	rna_processing	5	5
K13291	transferase	5	5
K13292	transferase	524	524
K13293	hydrolase	14	14
K13293	phosphodiesterase	14	14
K13299	cytoplasmic	5	5
K13299	transferase	5	5
K13302	kinase	10	10
K13302	serine_threonine_kinase	10	10
K13302	transferase	10	10
K13303	kinase	9	9
K13303	serine_threonine_kinase	9	9
K13303	transferase	9	9
K13333	esterase	18	18
K13333	hydrolase	18	18
K13338	atp_binding	6	6
K13338	atpase	6	6
K13338	hydrolase	6	6
K13339	atp_binding	15	15
K13339	atpase	15	15
K13339	hydrolase	15	15
K13343	cytoplasmic	9	10
K13343	membrane	9	10
K13346	transferase	9	9
K13355	hydrolase	5	5
K13356	nad_binding	20	21
K13356	oxidoreductase	20	21
K13378	electron_transport	129	129
K13378	translocase	129	129
K13378	transporter	129	129
K13379	isomerase	8	9
K13379	mutase	8	9
K13380	electron_transport	6	6
K13380	translocase	6	6
K13380	transporter	6	6
K13403	hydrolase	9	9
K13403	nad_binding	9	9
K13403	oxidoreductase	9	9
K13411	nad_binding	10	10
K13411	oxidoreductase	10	10
K13411	peroxidase	10	10
K13412	kinase	78	78
K13412	serine_threonine_kinase	78	78
K13412	transferase	78	78
K13418	kinase	5	5
K13418	serine_threonine_kinase	5	5
K13418	transferase	5	5
K13421	decarboxylase	13	13
K13421	glycosyltransferase	11	13
K13421	lyase	13	13
K13421	transferase	11	13
K13436	kinase	8	8
K13436	serine_threonine_kinase	7	8
K13436	transferase	8	8
K13444	oxidoreductase	6	6
K13444	sulfur_metabolism	6	6
K13447	nad_binding	13	13
K13447	oxidoreductase	13	13
K13447	peroxidase	13	13
K13450	lyase	6	6
K13485	decarboxylase	7	7
K13485	lyase	7	7
K13491	amidase	18	18
K13491	esterase	18	18
K13491	hydrolase	18	18
K13496	glycosyltransferase	6	6
K13496	transferase	6	6
K13497	glycosyltransferase	5	5
K13497	transferase	5	5
K13498	decarboxylase	16	16
K13498	isomerase	15	16
K13498	lyase	16	16
K13499	carbohydrate_active	5	5
K13499	enzyme	5	5
K13499	glycosyltransferase	5	5
K13499	transferase	5	5
K13501	decarboxylase	5	5
K13501	isomerase	5	5
K13501	lyase	5	5
K13506	transferase	12	12
K13508	transferase	8	8
K13509	transferase	9	9
K13510	transferase	11	11
K13511	transferase	11	11
K13513	transferase	7	7
K13515	transferase	6	6
K13516	transferase	7	7
K13517	transferase	6	6
K13523	transferase	10	10
K13524	aminotransferase	11	11
K13524	plp_binding	11	11
K13524	transferase	11	11
K13526	translocase	6	6
K13526	transporter	6	6
K13539	hydrolase	6	6
K13539	metal_binding	6	6
K13539	peptidase	6	6
K13539	protease	6	6
K13566	amidase	13	15
K13566	hydrolase	15	15
K13571	ligase	76	76
K13571	synthetase	76	76
K13581	dna_methylase	12	12
K13581	methyltransferase	12	12
K13581	transferase	12	12
K13596	kinase	9	9
K13596	serine_threonine_kinase	9	9
K13596	transferase	9	9
K13598	sensor_kinase	6	6
K13598	transferase	6	6
K13598	two_component	6	6
K13609	nad_binding	7	7
K13609	oxidoreductase	7	7
K13616	amidase	5	5
K13616	esterase	5	5
K13616	hydrolase	5	5
K13617	esterase	20	20
K13617	hydrolase	20	20
K13618	esterase	6	6
K13618	hydrolase	6	6
K13644	transferase	6	6
K13648	cytoplasmic	10	11
K13648	glycosyltransferase	11	11
K13648	transferase	11	11
K13667	glycosyltransferase	9	9
K13667	transferase	9	9
K13676	glycosyltransferase	8	8
K13676	transferase	8	8
K13680	glycosyltransferase	12	12
K13680	transferase	12	12
K13681	glycosyltransferase	9	9
K13681	transferase	9	9
K13682	glycosyltransferase	13	13
K13682	transferase	13	13
K13686	glycosyltransferase	6	6
K13686	transferase	6	6
K13692	glycosyltransferase	6	6
K13692	transferase	6	6
K13693	glycosyltransferase	8	8
K13693	transferase	8	8
K13694	hydrolase	5	5
K13694	peptidase	5	5
K13694	protease	5	5
K13696	esterase	8	8
K13696	hydrolase	8	8
K13697	esterase	7	7
K13697	hydrolase	7	7
K13699	transferase	5	5
K13700	esterase	6	6
K13700	hydrolase	6	6
K13702	esterase	5	5
K13702	hydrolase	5	5
K13703	esterase	6	6
K13703	hydrolase	6	6
K13704	esterase	7	7
K13704	hydrolase	7	7
K13711	atp_binding	14	14
K13711	kinase	14	14
K13711	transferase	14	14
K13714	amidase	10	10
K13714	carbohydrate_active	10	10
K13714	glycosidase	10	10
K13714	hydrolase	10	10
K13715	cysteine_protease	7	7
K13715	hydrolase	7	7
K13715	protease	7	7
K13719	hydrolase	12	12
K13719	peptidase	12	12
K13719	protease	12	12
K13722	hydrolase	7	7
K13722	peptidase	7	7
K13722	protease	7	7
K13748	glycosyltransferase	6	6
K13748	transferase	6	6
K13750	ion_transporter	5	5
K13750	metal_transporter	5	5
K13750	transporter	5	5
K13755	carbohydrate_esterase	11	12
K13755	enzyme	11	12
K13755	esterase	11	12
K13755	hydrolase	12	12
K13755	phosphodiesterase	12	12
K13756	hydrolase	5	5
K13756	phosphodiesterase	5	5
K13761	hydrolase	5	5
K13761	phosphodiesterase	5	5
K13762	hydrolase	5	5
K13762	phosphodiesterase	5	5
K13763	hydrolase	6	6
K13763	phosphodiesterase	6	6
K13787	transferase	15	15
K13788	transferase	23	23
K13789	transferase	16	17
K13791	transferase	6	6
K13797	nucleotidyltransferase	9	9
K13797	transferase	9	9
K13799	atp_binding	27	27
K13799	kinase	27	27
K13799	ligase	27	27
K13799	synthetase	27	27
K13799	transferase	27	27
K13800	atp_binding	15	15
K13800	kinase	15	15
K13800	transferase	15	15
K13806	esterase	5	5
K13806	hydrolase	5	5
K13807	hydrolase	7	7
K13807	phosphatase	7	7
K13811	nucleotidyltransferase	12	12
K13811	transferase	12	12
K13812	dehydratase	14	14
K13812	lyase	14	14
K13830	atp_binding	38	38
K13830	dehydratase	38	38
K13830	dehydrogenase	38	38
K13830	kinase	38	38
K13830	lyase	38	38
K13830	nad_binding	38	38
K13830	oxidoreductase	38	38
K13830	transferase	38	38
K13892	translocase	19	19
K13892	transporter	19	19
K13915	carbohydrate_active	36	36
K13915	glycosidase	36	36
K13915	hydrolase	36	36
K13923	transferase	9	9
K13930	glycosyltransferase	11	11
K13930	transferase	11	11
K13934	nucleotidyltransferase	15	15
K13934	transferase	15	15
K13938	nad_binding	18	18
K13938	oxidoreductase	18	18
K13941	atp_binding	6	6
K13941	kinase	6	6
K13941	transferase	6	6
K13942	hydrogen_metabolism	8	8
K13942	hydrogenase	8	8
K13942	oxidoreductase	8	8
K13948	nad_binding	7	7
K13948	oxidoreductase	7	7
K13950	aminotransferase	5	5
K13950	plp_binding	5	5
K13950	transferase	5	5
K13951	dehydrogenase	15	15
K13951	nad_binding	15	15
K13951	oxidoreductase	15	15
K13953	dehydrogenase	38	38
K13953	nad_binding	38	38
K13953	oxidoreductase	38	38
K13954	dehydrogenase	5	5
K13954	nad_binding	5	5
K13954	oxidoreductase	5	5
K13960	transferase	6	6
K13979	dehydrogenase	7	8
K13979	nad_binding	7	8
K13979	oxidoreductase	8	8
K13982	atp_binding	9	9
K13982	atpase	9	9
K13982	cytoplasmic	9	9
K13982	hydrolase	9	9
K13985	hydrolase	8	8
K13985	phosphodiesterase	8	8
K13990	lyase	6	6
K13990	transferase	6	6
K13998	methyltransferase	7	7
K13998	nad_binding	7	7
K13998	oxidoreductase	7	7
K13998	transferase	7	7
K14048	amidase	13	13
K14048	hydrolase	13	13
K14050	transferase	11	11
K14058	sulfurtransferase	299	299
K14058	transferase	299	299
K14073	esterase	6	6
K14073	hydrolase	6	6
K14075	esterase	5	5
K14075	hydrolase	5	5
K14079	nucleotidyltransferase	11	11
K14079	transferase	11	11
K14083	methyltransferase	7	7
K14083	transferase	7	7
K14085	nad_binding	9	9
K14085	oxidoreductase	9	9
K14127	hydrogen_metabolism	5	5
K14127	hydrogenase	5	5
K14127	oxidoreductase	5	5
K14153	atp_binding	5	5
K14153	kinase	5	5
K14153	transferase	5	5
K14155	lyase	7	7
K14156	atp_binding	13	13
K14156	kinase	13	13
K14156	transferase	13	13
K14157	nad_binding	5	5
K14157	oxidoreductase	5	5
K14162	nucleotidyltransferase	72	72
K14162	transferase	72	72
K14164	ligase	5	5
K14164	translation	5	5
K14164	trna_synthetase	5	5
K14165	hydrolase	57	59
K14165	phosphatase	57	59
K14168	nucleotidyltransferase	40	40
K14168	transferase	40	40
K14170	dehydratase	10	11
K14170	isomerase	10	11
K14170	lyase	10	11
K14170	mutase	10	11
K14191	methyltransferase	16	16
K14191	transferase	16	16
K14205	transferase	12	12
K14213	hydrolase	53	53
K14213	peptidase	53	53
K14213	protease	53	53
K14215	transferase	5	5
K14216	nucleotidyltransferase	10	12
K14216	transferase	10	12
K14260	aminotransferase	6	6
K14260	plp_binding	6	6
K14260	transferase	6	6
K14263	amidase	7	7
K14263	hydrolase	7	7
K14286	lyase	7	7
K14292	methyltransferase	5	5
K14292	transferase	5	5
K14303	transporter	5	5
K14319	cytoplasmic	7	8
K14326	isomerase	10	10
K14327	cytoplasmic	5	5
K14338	flavin_binding	7	7
K14338	monooxygenase	7	7
K14338	nad_binding	7	7
K14338	oxidoreductase	7	7
K14338	oxygenase	7	7
K14349	esterase	5	5
K14349	hydrolase	5	5
K14376	nucleotidyltransferase	16	16
K14376	transferase	16	16
K14379	hydrolase	11	11
K14379	phosphatase	11	11
K14394	hydrolase	11	11
K14394	phosphatase	11	11
K14403	hydrolase	20	21
K14410	hydrolase	10	10
K14410	phosphatase	10	10
K14415	ligase	49	49
K14415	ligase_dna	49	49
K14416	gtp_binding	7	7
K14416	hydrolase	7	7
K14427	ion_transporter	6	6
K14427	metal_transporter	6	6
K14427	symporter	6	6
K14427	transporter	6	6
K14432	dna_binding	14	17
K14432	regulator	14	17
K14432	regulatory	14	17
K14439	atp_binding	12	12
K14439	atpase	12	12
K14439	hydrolase	12	12
K14440	atp_binding	9	9
K14440	atpase	9	9
K14440	hydrolase	9	9
K14440	isomerase	9	9
K14441	sulfurtransferase	407	407
K14441	transferase	407	407
K14442	atp_binding	9	9
K14442	atpase	9	9
K14442	hydrolase	9	9
K14452	esterase	5	5
K14452	hydrolase	5	5
K14454	aminotransferase	18	18
K14454	plp_binding	18	18
K14454	transferase	18	18
K14455	aminotransferase	15	15
K14455	plp_binding	15	15
K14455	transferase	15	15
K14457	transferase	8	8
K14458	transferase	5	5
K14487	ligase	18	18
K14487	synthetase	18	18
K14497	hydrolase	17	17
K14497	phosphatase	17	17
K14498	kinase	20	20
K14498	serine_threonine_kinase	20	20
K14498	transferase	20	20
K14500	kinase	9	10
K14500	serine_threonine_kinase	9	10
K14500	transferase	9	10
K14502	kinase	6	6
K14502	serine_threonine_kinase	6	6
K14502	transferase	6	6
K14506	ligase	5	5
K14506	synthetase	5	5
K14509	transferase	14	14
K14521	transferase	9	9
K14539	hydrolase	9	11
K14563	methyltransferase	20	20
K14563	transferase	20	20
K14568	methyltransferase	27	27
K14568	transferase	27	27
K14570	hydrolase	20	21
K14588	metal_binding	5	5
K14588	oxidoreductase	5	5
K14589	methyltransferase	16	17
K14589	transferase	16	17
K14607	hydrolase	7	7
K14618	metal_binding	5	5
K14618	nad_binding	5	5
K14618	oxidoreductase	5	5
K14621	esterase	6	6
K14621	hydrolase	6	6
K14634	hydrolase	7	7
K14634	phosphatase	7	7
K14635	isomerase	18	18
K14641	hydrolase	5	5
K14648	lyase	12	12
K14652	hydrolase	82	92
K14652	lyase	89	92
K14653	amidase	18	18
K14653	hydrolase	18	18
K14654	dehydrogenase	10	10
K14654	nad_binding	10	10
K14654	oxidoreductase	10	10
K14656	nucleotidyltransferase	59	59
K14656	transferase	59	59
K14658	transferase	7	7
K14664	amidase	10	10
K14664	hydrolase	10	10
K14666	glycosyltransferase	5	5
K14666	transferase	5	5
K14674	carbohydrate_esterase	5	5
K14674	enzyme	5	5
K14674	esterase	5	5
K14674	hydrolase	5	5
K14674	lipase	5	5
K14674	lipid_metabolism	5	5
K14676	esterase	36	36
K14676	hydrolase	36	36
K14677	amidase	6	6
K14677	hydrolase	6	6
K14682	transferase	61	61
K14683	ion_transporter	10	12
K14683	metal_transporter	10	12
K14683	phosphate_transporter	10	12
K14683	sodium_transporter	10	12
K14683	symporter	10	12
K14683	transporter	10	12
K14688	ion_transporter	7	8
K14688	membrane	8	8
K14688	metal_transporter	7	8
K14688	transporter	7	8
K14703	inner_membrane	5	5
K14703	membrane	5	5
K14728	oxidoreductase	7	7
K14735	metal_binding	5	5
K14735	oxidoreductase	5	5
K14743	hydrolase	6	6
K14743	peptidase	6	6
K14743	protease	6	6
K14758	kinase	7	7
K14758	serine_threonine_kinase	7	7
K14758	transferase	7	7
K14776	atp_binding	33	33
K14776	atpase	33	33
K14776	hydrolase	33	33
K14777	atp_binding	38	38
K14777	atpase	38	38
K14777	hydrolase	38	38
K14778	atp_binding	32	33
K14778	atpase	32	33
K14778	hydrolase	32	33
K14779	atp_binding	31	31
K14779	atpase	31	31
K14779	hydrolase	31	31
K14780	atp_binding	6	6
K14780	atpase	6	6
K14780	hydrolase	6	6
K14802	atp_binding	12	12
K14802	cytoplasmic	10	12
K14802	membrane	10	12
K14802	translocase	12	12
K14802	transporter	12	12
K14803	hydrolase	8	8
K14803	phosphatase	8	8
K14805	atp_binding	31	31
K14805	atpase	31	31
K14805	hydrolase	31	31
K14806	atp_binding	33	33
K14806	atpase	33	33
K14806	hydrolase	33	33
K14807	atp_binding	20	20
K14807	atpase	20	20
K14807	hydrolase	20	20
K14808	atp_binding	33	33
K14808	atpase	33	33
K14808	hydrolase	33	33
K14809	atp_binding	40	40
K14809	atpase	40	40
K14809	hydrolase	40	40
K14810	atp_binding	35	35
K14810	atpase	35	35
K14810	hydrolase	35	35
K14811	atp_binding	28	28
K14811	atpase	28	28
K14811	hydrolase	28	28
K14813	hydrolase	8	8
K14819	hydrolase	8	9
K14819	phosphatase	8	9
K14826	isomerase	22	22
K14835	methyltransferase	6	6
K14835	transferase	6	6
K14845	hydrolase	25	25
K14850	methyltransferase	11	11
K14850	transferase	11	11
K14857	methyltransferase	20	20
K14857	transferase	20	20
K14864	methyltransferase	7	7
K14864	transferase	7	7
K14938	oxidoreductase	6	6
K14938	oxygenase	6	6
K14941	nucleotidyltransferase	91	91
K14941	transferase	91	91
K14944	rna_binding	6	6
K14948	regulator	6	6
K14948	regulatory	6	6
K14950	cytoplasmic	7	7
K14950	translocase	7	7
K14950	transporter	7	7
K14951	translocase	7	7
K14951	transporter	7	7
K14999	oxidoreductase	24	24
K14999	oxygenase	24	24
K15001	oxidoreductase	21	22
K15001	oxygenase	21	22
K15003	oxidoreductase	5	5
K15003	oxygenase	5	5
K15004	oxidoreductase	8	8
K15004	oxygenase	8	8
K15007	oxidoreductase	6	6
K15007	oxygenase	6	6
K15013	ligase	10	10
K15013	synthetase	10	10
K15024	transferase	7	7
K15078	hydrolase	48	48
K15086	lyase	5	5
K15190	methyltransferase	7	7
K15190	transferase	7	7
K15192	atp_binding	5	5
K15192	atpase	5	5
K15192	hydrolase	5	5
K15235	hydrolase	9	9
K15235	peptidase	9	9
K15235	protease	9	9
K15255	isomerase	18	18
K15256	transferase	183	183
K15257	transferase	183	183
K15258	glycosyltransferase	5	5
K15258	transferase	5	5
K15259	glycosyltransferase	6	6
K15259	transferase	6	6
K15261	glycosyltransferase	5	5
K15261	transferase	5	5
K15264	methyltransferase	7	7
K15264	transferase	7	7
K15265	isomerase	6	6
K15265	mutase	6	6
K15266	methyltransferase	10	10
K15266	transferase	10	10
K15271	isomerase	5	5
K15293	regulator	9	10
K15293	regulatory	9	10
K15303	oxidoreductase	7	7
K15317	transferase	7	7
K15318	hydrolase	7	7
K15319	oxidoreductase	6	6
K15322	lyase	11	11
K15323	lyase	6	6
K15331	methyltransferase	6	6
K15331	transferase	6	6
K15335	methyltransferase	6	6
K15335	transferase	6	6
K15336	methyltransferase	7	7
K15336	transferase	7	7
K15338	hydrolase	8	8
K15341	hydrolase	5	5
K15342	hydrolase	50	53
K15363	hydrolase	8	8
K15363	phosphodiesterase	8	8
K15371	nad_binding	8	8
K15371	oxidoreductase	8	8
K15376	nucleotidyltransferase	7	7
K15376	transferase	7	7
K15396	methyltransferase	29	29
K15396	transferase	29	29
K15397	cytoplasmic	19	22
K15397	transferase	22	22
K15406	transferase	11	11
K15415	transferase	6	6
K15422	hydrolase	6	6
K15422	phosphatase	6	6
K15423	hydrolase	26	26
K15423	phosphatase	26	26
K15429	methyltransferase	46	46
K15429	transferase	46	46
K15430	methyltransferase	10	10
K15430	transferase	10	10
K15435	hydrolase	9	9
K15435	phosphodiesterase	9	9
K15440	hydrolase	9	9
K15441	hydrolase	7	7
K15444	methyltransferase	5	5
K15444	transferase	5	5
K15445	methyltransferase	24	24
K15445	transferase	24	24
K15446	methyltransferase	12	12
K15446	transferase	12	12
K15447	methyltransferase	18	18
K15447	transferase	18	18
K15449	lyase	13	13
K15450	methyltransferase	23	23
K15450	transferase	23	23
K15451	methyltransferase	14	14
K15451	transferase	14	14
K15460	methyltransferase	128	128
K15460	transferase	128	128
K15461	methyltransferase	177	177
K15461	oxidoreductase	177	177
K15461	transferase	177	177
K15497	translocase	6	6
K15497	transporter	6	6
K15498	hydrolase	8	8
K15498	phosphatase	8	8
K15505	atp_binding	16	16
K15505	atpase	16	16
K15505	hydrolase	16	16
K15505	transferase	14	16
K15507	methyltransferase	5	5
K15507	transferase	5	5
K15510	oxidoreductase	22	22
K15520	transferase	81	81
K15521	glycosyltransferase	69	69
K15521	transferase	69	69
K15525	amidase	66	66
K15525	hydrolase	66	66
K15526	ligase	80	80
K15526	synthetase	80	80
K15527	transferase	12	12
K15528	amidase	7	7
K15528	hydrolase	7	7
K15529	hydrolase	14	14
K15529	phosphatase	14	14
K15537	monooxygenase	5	5
K15537	oxidoreductase	5	5
K15537	oxygenase	5	5
K15538	carbohydrate_active	5	5
K15538	glycosidase	5	5
K15538	hydrolase	5	5
K15544	hydrolase	26	26
K15544	phosphatase	26	26
K15555	atp_binding	91	96
K15555	translocase	95	96
K15555	transporter	95	96
K15562	kinase	11	11
K15562	serine_threonine_kinase	11	11
K15562	transferase	11	11
K15587	ion_transporter	18	18
K15587	translocase	18	18
K15587	transporter	18	18
K15601	dioxygenase	14	15
K15601	oxidoreductase	14	15
K15601	oxygenase	14	15
K15616	hydrolase	5	5
K15616	phosphatase	5	5
K15630	nucleotidyltransferase	7	7
K15630	transferase	7	7
K15631	sulfurtransferase	29	29
K15631	transferase	29	29
K15632	methyltransferase	10	10
K15632	transferase	10	10
K15633	isomerase	269	269
K15633	mutase	269	269
K15634	isomerase	62	63
K15634	mutase	62	63
K15635	isomerase	60	60
K15635	mutase	60	60
K15637	hydrolase	17	17
K15637	phosphatase	17	17
K15680	dehydrogenase	14	14
K15680	nad_binding	14	14
K15680	oxidoreductase	14	14
K15685	transferase	7	7
K15687	transferase	15	15
K15688	transferase	8	8
K15690	transferase	6	6
K15691	transferase	5	5
K15697	transferase	6	6
K15700	transferase	8	8
K15705	transferase	8	8
K15707	transferase	5	5
K15717	oxidoreductase	11	11
K15717	peroxidase	11	11
K15718	dioxygenase	13	13
K15718	oxidoreductase	13	13
K15718	oxygenase	13	13
K15728	hydrolase	9	10
K15728	phosphatase	9	10
K15729	isomerase	7	7
K15729	oxidoreductase	7	7
K15729	peroxidase	7	7
K15729	transferase	7	7
K15730	isomerase	8	9
K15731	hydrolase	12	13
K15731	phosphatase	12	13
K15732	hydrolase	6	6
K15732	phosphatase	6	6
K15737	dioxygenase	35	35
K15737	oxidoreductase	35	35
K15737	oxygenase	35	35
K15743	esterase	9	9
K15743	hydrolase	9	9
K15746	monooxygenase	6	6
K15746	oxidoreductase	6	6
K15746	oxygenase	6	6
K15759	hydrolase	10	10
K15759	phosphatase	10	10
K15778	isomerase	8	8
K15778	mutase	8	8
K15791	oxidoreductase	9	9
K15803	lyase	7	7
K15813	isomerase	6	6
K15813	mutase	6	6
K15853	transferase	5	5
K15865	sulfurtransferase	19	21
K15865	transferase	21	21
K15888	transferase	19	19
K15889	esterase	6	6
K15889	hydrolase	6	6
K15904	kinase	22	22
K15904	serine_threonine_kinase	22	22
K15904	transferase	22	22
K15909	hydrolase	6	6
K15909	phosphatase	6	6
K15916	isomerase	7	7
K15920	carbohydrate_active	13	13
K15920	glycosidase	13	13
K15920	hydrolase	13	13
K15981	monooxygenase	5	5
K15981	oxidoreductase	5	5
K15981	oxygenase	5	5
K15984	methyltransferase	192	192
K15984	transferase	192	192
K15986	hydrolase	97	97
K15987	translocase	31	31
K15987	transporter	31	31
K16011	nucleotidyltransferase	6	6
K16011	transferase	6	6
K16054	dehydratase	6	6
K16054	hydrolase	6	6
K16054	lyase	6	6
K16054	phosphatase	6	6
K16055	glycosyltransferase	14	17
K16055	transferase	14	17
K16066	dehydrogenase	9	10
K16066	nad_binding	9	10
K16066	oxidoreductase	10	10
K16146	atp_binding	19	19
K16146	kinase	19	19
K16146	transferase	19	19
K16147	glycosyltransferase	21	21
K16147	transferase	21	21
K16167	transferase	7	7
K16175	membrane	5	5
K16176	methyltransferase	5	5
K16176	transferase	5	5
K16178	methyltransferase	7	7
K16178	transferase	7	7
K16185	gtp_binding	9	10
K16185	hydrolase	9	10
K16186	gtp_binding	5	5
K16186	hydrolase	5	5
K16194	enzyme	6	6
K16194	kinase	6	6
K16194	phosphotransferase	6	6
K16194	serine_threonine_kinase	6	6
K16194	transferase	6	6
K16196	kinase	11	11
K16196	serine_threonine_kinase	11	11
K16196	transferase	11	11
K16219	methyltransferase	16	16
K16219	transferase	16	16
K16223	regulator	6	6
K16223	regulatory	6	6
K16271	transferase	5	5
K16280	regulator	5	5
K16280	regulatory	5	5
K16280	transferase	5	5
K16288	kinase	14	14
K16288	transferase	14	14
K16292	cysteine_protease	6	6
K16292	hydrolase	6	6
K16292	protease	6	6
K16295	ion_transporter	5	5
K16295	translocase	5	5
K16295	transporter	5	5
K16296	hydrolase	17	20
K16296	peptidase	17	20
K16296	protease	17	20
K16297	hydrolase	26	27
K16297	peptidase	26	27
K16297	protease	26	27
K16301	lyase	14	14
K16301	oxidoreductase	14	14
K16301	peroxidase	14	14
K16306	transferase	11	11
K16307	kinase	10	10
K16307	serine_threonine_kinase	10	10
K16307	transferase	10	10
K16309	kinase	5	5
K16309	serine_threonine_kinase	5	5
K16309	transferase	5	5
K16312	kinase	7	7
K16312	serine_threonine_kinase	7	7
K16312	transferase	7	7
K16315	enzyme	7	8
K16315	kinase	8	8
K16315	phosphotransferase	7	8
K16315	serine_threonine_kinase	8	8
K16315	transferase	8	8
K16317	methyltransferase	42	42
K16317	transferase	42	42
K16329	dehydratase	58	58
K16329	lyase	58	58
K16340	hydrolase	7	7
K16340	phosphatase	7	7
K16342	esterase	20	20
K16342	hydrolase	20	20
K16343	esterase	5	5
K16343	hydrolase	5	5
K16343	lipase	5	5
K16369	methyltransferase	39	39
K16369	transferase	39	39
K16582	ligase	5	5
K16582	synthetase	5	5
K16599	ligase	5	5
K16599	synthetase	5	5
K16603	ligase	5	5
K16603	synthetase	5	5
K16608	enzyme	8	9
K16608	ligase	9	9
K16608	synthetase	9	9
K16631	hydrolase	10	10
K16632	hydrolase	6	6
K16639	hydrolase	10	10
K16640	cytoplasmic	13	14
K16675	transferase	10	10
K16692	atp_binding	9	9
K16692	kinase	9	9
K16692	transferase	9	9
K16784	translocase	8	8
K16784	transporter	8	8
K16786	membrane	100	102
K16786	translocase	100	102
K16786	transporter	100	102
K16787	membrane	96	98
K16787	translocase	96	98
K16787	transporter	96	98
K16792	dehydratase	8	8
K16792	lyase	8	8
K16793	dehydratase	8	8
K16793	lyase	8	8
K16795	esterase	10	11
K16795	hydrolase	10	11
K16817	esterase	5	5
K16817	hydrolase	5	5
K16817	transferase	5	5
K16860	hydrolase	12	14
K16862	hydrolase	8	8
K16862	phosphodiesterase	7	8
K16869	transferase	17	17
K16871	aminotransferase	6	6
K16871	plp_binding	6	6
K16871	transferase	6	6
K16898	hydrolase	140	140
K16898	isomerase	140	140
K16899	hydrolase	137	137
K16911	atp_binding	7	7
K16911	atpase	7	7
K16911	hydrolase	7	7
K16914	dioxygenase	19	19
K16914	oxidoreductase	19	19
K16914	oxygenase	19	19
K16932	hydrolase	6	6
K17044	transferase	5	5
K17047	gtp_binding	6	6
K17047	hydrolase	6	6
K17065	cytoplasmic	12	13
K17065	gtp_binding	11	13
K17065	hydrolase	11	13
K17069	transferase	6	6
K17079	gtp_binding	5	5
K17079	hydrolase	5	5
K17098	cold_shock	8	9
K17098	heat_shock	8	9
K17098	osmoprotectant	8	9
K17098	osmotic_stress	8	9
K17098	stress_response	8	9
K17103	transferase	8	8
K17104	transferase	61	61
K17105	transferase	40	40
K17215	atp_binding	17	17
K17215	translocase	17	17
K17215	transporter	17	17
K17222	sulfurtransferase	5	5
K17222	transferase	5	5
K17231	nad_binding	13	13
K17231	oxidoreductase	13	13
K17283	hydrolase	6	6
K17283	peptidase	6	6
K17283	protease	6	6
K17339	gtp_binding	12	12
K17339	hydrolase	12	12
K17362	hydrolase	5	5
K17398	dna_methylase	10	10
K17398	methyltransferase	10	10
K17398	transferase	10	10
K17408	cytoplasmic	5	5
K17462	methyltransferase	24	24
K17462	transferase	24	24
K17485	transferase	5	5
K17488	hydrolase	38	38
K17497	isomerase	21	21
K17497	mutase	21	21
K17499	hydrolase	10	10
K17499	phosphatase	10	10
K17500	hydrolase	8	8
K17500	phosphatase	8	8
K17503	hydrolase	5	5
K17503	phosphatase	5	5
K17505	hydrolase	6	6
K17505	phosphatase	6	6
K17508	hydrolase	14	15
K17508	phosphatase	14	15
K17547	atp_binding	6	6
K17547	kinase	6	6
K17547	transferase	6	6
K17600	cytoplasmic	8	9
K17605	isomerase	40	41
K17609	nad_binding	10	12
K17609	oxidoreductase	10	12
K17609	sulfur_metabolism	10	12
K17616	hydrolase	10	10
K17616	phosphatase	10	10
K17617	hydrolase	13	13
K17617	phosphatase	13	13
K17618	hydrolase	11	11
K17618	phosphatase	11	11
K17653	methyltransferase	5	5
K17653	transferase	5	5
K17654	methyltransferase	6	6
K17654	transferase	6	6
K17655	endonuclease	5	5
K17655	hydrolase	5	5
K17655	nuclease	5	5
K17655	rnase	5	5
K17675	atp_binding	15	15
K17675	atpase	15	15
K17675	hydrolase	15	15
K17678	atp_binding	22	22
K17678	atpase	22	22
K17678	hydrolase	22	22
K17679	atp_binding	11	11
K17679	atpase	11	11
K17679	hydrolase	11	11
K17680	isomerase	5	5
K17686	ion_transporter	55	55
K17686	translocase	55	55
K17686	transporter	55	55
K17687	flavin_binding	5	5
K17687	monooxygenase	5	5
K17687	oxidoreductase	5	5
K17687	oxygenase	5	5
K17716	isomerase	10	10
K17716	racemase	10	10
K17717	hydrolase	5	5
K17717	phosphodiesterase	5	5
K17732	cytoplasmic	10	12
K17732	hydrolase	11	12
K17732	metal_binding	11	12
K17732	peptidase	11	12
K17732	protease	11	12
K17735	dehydrogenase	12	12
K17735	nad_binding	12	12
K17735	oxidoreductase	12	12
K17739	nad_binding	7	7
K17739	oxidoreductase	7	7
K17740	dehydratase	7	7
K17740	lyase	7	7
K17742	oxidoreductase	5	5
K17743	dehydrogenase	16	16
K17743	nad_binding	16	16
K17743	oxidoreductase	16	16
K17756	oxidoreductase	5	5
K17757	dehydratase	26	26
K17757	lyase	26	26
K17758	dehydratase	17	17
K17758	lyase	17	17
K17759	isomerase	81	81
K17759	racemase	81	81
K17783	oxidoreductase	7	7
K17783	sulfur_metabolism	7	7
K17807	nucleotidyltransferase	10	10
K17807	transferase	10	10
K17815	hydrolase	19	19
K17816	enzyme	5	5
K17816	hydrolase	5	5
K17828	nad_binding	95	104
K17828	oxidoreductase	104	104
K17830	oxidoreductase	38	38
K17836	hydrolase	7	7
K17839	enzyme	6	6
K17839	halogenase	6	6
K17839	oxidase	6	6
K17839	oxidoreductase	6	6
K17840	transferase	5	5
K17841	isomerase	8	8
K17841	transferase	8	8
K17861	oxidoreductase	10	10
K17861	oxygenase	10	10
K17868	esterase	5	5
K17868	hydrolase	5	5
K17869	nad_binding	7	7
K17869	oxidoreductase	7	7
K17878	methyltransferase	13	13
K17878	transferase	13	13
K17892	oxidoreductase	6	6
K17892	sulfur_metabolism	6	6
K17893	oxidoreductase	15	15
K17900	esterase	26	26
K17900	hydrolase	26	26
K17904	oxidoreductase	5	5
K17948	isomerase	41	41
K17948	racemase	41	41
K17972	transferase	9	9
K17989	lyase	9	9
K17991	oxidoreductase	9	9
K17991	peroxidase	9	9
K18015	cysteine_protease	9	9
K18015	hydrolase	9	9
K18015	protease	9	9
K18024	carbohydrate_esterase	6	6
K18024	enzyme	6	6
K18024	esterase	6	6
K18024	hydrolase	6	6
K18024	phosphatase	6	6
K18024	phosphoprotein_phosphatase	6	6
K18041	hydrolase	15	15
K18041	phosphatase	15	15
K18043	hydrolase	11	11
K18043	phosphatase	11	11
K18045	enzyme	7	8
K18045	hydrolase	8	8
K18050	kinase	6	6
K18050	serine_threonine_kinase	6	6
K18050	transferase	6	6
K18081	hydrolase	11	11
K18081	phosphatase	11	11
K18082	hydrolase	7	7
K18082	phosphatase	7	7
K18083	hydrolase	12	12
K18083	phosphatase	12	12
K18105	ligase	8	8
K18105	ligase_dna	8	8
K18123	lyase	8	8
K18125	dehydrogenase	6	6
K18125	nad_binding	6	6
K18125	oxidoreductase	6	6
K18134	glycosyltransferase	9	9
K18134	transferase	9	9
K18156	hydrolase	33	33
K18156	metal_binding	33	33
K18156	peptidase	33	33
K18156	protease	33	33
K18162	methyltransferase	7	7
K18162	transferase	7	7
K18164	methyltransferase	10	10
K18164	transferase	10	10
K18195	lyase	13	13
K18201	atp_binding	5	5
K18201	kinase	5	5
K18201	transferase	5	5
K18203	methyltransferase	19	19
K18203	transferase	19	19
K18204	oxidoreductase	6	6
K18207	glycosyltransferase	11	11
K18207	transferase	11	11
K18235	lyase	15	15
K18237	isomerase	8	8
K18245	dehydratase	6	6
K18245	lyase	6	6
K18246	dehydratase	5	5
K18246	lyase	5	5
K18278	biosynthesis	7	7
K18278	cofactor_biosynthesis	7	7
K18278	sulfur_assimilation	7	7
K18278	sulfur_metabolism	7	7
K18278	thiamine_biosynthesis	7	7
K18278	transferase	7	7
K18283	hydrolase	5	5
K18283	phosphodiesterase	5	5
K18309	transferase	5	5
K18327	hydrolase	17	17
K18328	hydrolase	14	14
K18328	phosphodiesterase	14	14
K18334	dehydratase	5	5
K18334	lyase	5	5
K18336	hydrolase	8	8
K18342	hydrolase	10	11
K18342	peptidase	10	11
K18342	protease	10	11
K18365	lyase	31	31
K18366	nad_binding	30	30
K18366	oxidoreductase	30	30
K18384	dehydratase	5	5
K18384	lyase	5	5
K18408	atp_binding	17	17
K18408	atpase	17	17
K18408	hydrolase	17	17
K18417	hydrolase	5	5
K18422	isomerase	7	7
K18424	hydrolase	7	7
K18426	decarboxylase	7	7
K18426	lyase	7	7
K18458	amidase	7	7
K18458	hydrolase	7	7
K18477	methyltransferase	13	13
K18477	transferase	13	13
K18532	atp_binding	41	41
K18532	kinase	41	41
K18532	transferase	41	41
K18549	hydrolase	6	6
K18549	peptidase	6	6
K18549	protease	6	6
K18550	hydrolase	11	11
K18550	phosphatase	11	11
K18575	hydrolase	7	7
K18576	carbohydrate_active	15	16
K18576	glycosidase	15	16
K18576	hydrolase	15	16
K18580	carbohydrate_active	12	12
K18580	glycosidase	12	12
K18580	hydrolase	12	12
K18586	decarboxylase	83	83
K18586	lyase	83	83
K18589	nad_binding	5	5
K18589	oxidoreductase	5	5
K18592	hydrolase	12	12
K18592	peptidase	12	12
K18592	protease	12	12
K18592	transferase	12	12
K18655	atp_binding	35	35
K18655	atpase	35	35
K18655	hydrolase	35	35
K18656	atp_binding	5	5
K18656	atpase	5	5
K18656	hydrolase	5	5
K18660	ligase	6	6
K18660	synthetase	6	6
K18668	hydrolase	10	10
K18669	kinase	13	13
K18669	transferase	13	13
K18670	kinase	5	5
K18670	transferase	5	5
K18672	nucleotidyltransferase	9	9
K18672	transferase	9	9
K18674	atp_binding	6	6
K18674	kinase	6	6
K18674	transferase	6	6
K18681	exonuclease	8	8
K18681	hydrolase	8	8
K18681	nuclease	8	8
K18681	rnase	8	8
K18682	hydrolase	219	219
K18688	ligase	6	6
K18688	synthetase	6	6
K18691	lyase	115	115
K18693	hydrolase	12	13
K18693	phosphatase	12	13
K18695	hydrolase	5	5
K18696	hydrolase	6	6
K18696	phosphodiesterase	6	6
K18699	hydrolase	12	12
K18709	nucleotidyltransferase	6	6
K18709	transferase	6	6
K18729	hydrolase	8	8
K18750	abi_domain	7	7
K18750	defense_component	7	7
K18750	hydrolase	7	7
K18750	regulator	7	7
K18750	regulatory	7	7
K18750	stress_response	7	7
K18764	hydrolase	5	5
K18764	phosphatase	5	5
K18767	hydrolase	10	10
K18779	glycosyltransferase	35	35
K18779	transferase	35	35
K18792	hydrolase	5	5
K18816	transferase	7	7
K18819	glycosyltransferase	10	10
K18819	transferase	10	10
K18826	methyltransferase	5	5
K18826	transferase	5	5
K18828	hydrolase	8	8
K18849	methyltransferase	8	8
K18849	transferase	8	8
K18851	transferase	16	16
K18857	dehydrogenase	11	11
K18857	nad_binding	11	11
K18857	oxidoreductase	11	11
K18889	translocase	6	6
K18889	transporter	6	6
K18890	translocase	8	9
K18890	transporter	8	9
K18910	isomerase	5	5
K18910	racemase	5	5
K18914	nad_binding	9	9
K18914	oxidoreductase	9	9
K18931	glycosyltransferase	29	29
K18931	transferase	29	29
K18932	transferase	52	52
K18933	decarboxylase	31	31
K18933	lyase	31	31
K18940	sensor_kinase	14	14
K18940	transferase	14	14
K18940	two_component	14	14
K18963	nucleotidyltransferase	5	5
K18963	transferase	5	5
K18964	nucleotidyltransferase	18	18
K18964	transferase	18	18
K18966	decarboxylase	6	6
K18966	lyase	6	6
K18979	oxidoreductase	31	31
K18995	atp_binding	5	5
K18995	atpase	5	5
K18995	hydrolase	5	5
K19001	atp_binding	5	5
K19001	atpase	5	5
K19001	hydrolase	5	5
K19005	transferase	15	17
K19029	hydrolase	5	5
K19029	phosphatase	5	5
K19030	atp_binding	5	5
K19030	hydrolase	5	5
K19030	kinase	5	5
K19030	phosphatase	5	5
K19030	transferase	5	5
K19040	transferase	5	5
K19048	hydrolase	20	20
K19054	metal_binding	10	10
K19054	oxidoreductase	10	10
K19077	sensor_kinase	18	18
K19077	transferase	18	18
K19077	two_component	18	18
K19158	hydrolase	7	7
K19177	transferase	5	5
K19199	methyltransferase	10	10
K19199	transferase	10	10
K19222	hydrolase	12	12
K19236	transferase	11	11
K19266	nad_binding	6	6
K19266	oxidoreductase	6	6
K19268	isomerase	8	8
K19268	mutase	8	8
K19269	hydrolase	8	8
K19269	phosphatase	8	8
K19271	transferase	14	14
K19283	hydrolase	5	5
K19283	phosphatase	5	5
K19285	nad_binding	15	15
K19285	oxidoreductase	15	15
K19288	hydrolase	13	13
K19288	peptidase	13	13
K19288	protease	13	13
K19304	hydrolase	8	8
K19304	metal_binding	8	8
K19304	peptidase	8	8
K19304	protease	8	8
K19305	hydrolase	35	35
K19305	metal_binding	35	35
K19305	peptidase	35	35
K19305	protease	35	35
K19306	methyltransferase	7	7
K19306	transferase	7	7
K19329	dehydrogenase	6	6
K19329	nad_binding	6	6
K19329	oxidoreductase	6	6
K19347	membrane	7	7
K19355	carbohydrate_active	30	30
K19355	glycosidase	30	30
K19355	hydrolase	30	30
K19356	oxidoreductase	20	20
K19356	oxygenase	20	20
K19357	carbohydrate_active	9	9
K19357	glycosidase	9	9
K19357	hydrolase	9	9
K19358	atp_binding	5	5
K19358	atpase	5	5
K19358	cysteine_protease	5	5
K19358	hydrolase	5	5
K19358	nucleotidyltransferase	5	5
K19358	peptidase	5	5
K19358	protease	5	5
K19358	transferase	5	5
K19389	nucleotidyltransferase	5	5
K19389	transferase	5	5
K19390	hydrolase	5	5
K19404	esterase	9	9
K19404	hydrolase	9	9
K19405	transferase	66	66
K19467	cell_surface	8	9
K19467	secreted	8	9
K19469	dioxygenase	5	5
K19469	oxidoreductase	5	5
K19469	oxygenase	5	5
K19511	oxidoreductase	13	13
K19511	peroxidase	12	13
K19572	hydrolase	6	6
K19573	transferase	26	26
K19583	atp_binding	6	6
K19583	kinase	6	6
K19583	transferase	6	6
K19584	kinase	5	5
K19584	serine_threonine_kinase	5	5
K19584	transferase	5	5
K19603	kinase	7	7
K19603	regulator	7	7
K19603	regulatory	7	7
K19603	serine_threonine_kinase	7	7
K19603	transferase	7	7
K19619	hydrolase	8	8
K19619	phosphodiesterase	8	8
K19662	kinase	7	7
K19662	serine_threonine_kinase	7	7
K19662	transferase	7	7
K19663	kinase	5	5
K19663	serine_threonine_kinase	5	5
K19663	transferase	5	5
K19664	nucleotidyltransferase	54	54
K19664	transferase	54	54
K19668	carbohydrate_active	12	12
K19668	glycosidase	12	12
K19668	hydrolase	12	12
K19686	hydrolase	16	16
K19696	glycosyltransferase	14	14
K19696	transferase	14	14
K19697	atp_binding	9	9
K19697	kinase	9	9
K19697	transferase	9	9
K19703	monooxygenase	6	6
K19703	oxidoreductase	6	6
K19703	oxygenase	6	6
K19761	lyase	7	7
K19770	hydrolase	9	10
K19784	nad_binding	9	9
K19784	oxidoreductase	9	9
K19786	atp_binding	8	8
K19786	kinase	8	8
K19786	transferase	8	8
K19787	methyltransferase	8	8
K19787	transferase	8	8
K19791	oxidoreductase	11	11
K19801	atp_binding	15	15
K19801	kinase	15	15
K19801	transferase	15	15
K19802	enzyme	13	16
K19802	epimerase	13	16
K19802	isomerase	16	16
K19802	racemase	16	16
K19810	isomerase	5	5
K19810	mutase	5	5
K19833	kinase	5	5
K19833	serine_threonine_kinase	5	5
K19833	transferase	5	5
K19861	transferase	5	5
K19882	esterase	15	15
K19882	hydrolase	15	15
K19947	monooxygenase	11	11
K19947	nad_binding	11	11
K19947	oxidoreductase	11	11
K19947	oxygenase	11	11
K19969	lyase	6	6
K20003	transferase	18	18
K20011	oxidoreductase	7	7
K20011	peroxidase	7	7
K20021	lyase	5	5
K20027	transferase	12	12
K20028	transferase	25	26
K20029	transferase	9	9
K20030	transferase	13	13
K20031	transferase	8	8
K20032	transferase	27	28
K20074	hydrolase	13	13
K20074	phosphatase	13	13
K20092	atp_binding	5	5
K20092	atpase	5	5
K20092	hydrolase	5	5
K20093	atp_binding	6	6
K20093	atpase	6	6
K20093	hydrolase	6	6
K20102	regulator	9	11
K20102	regulatory	9	11
K20103	atp_binding	5	5
K20103	atpase	5	5
K20103	hydrolase	5	5
K20118	atp_binding	37	37
K20118	kinase	37	37
K20118	transferase	37	37
K20178	cytoplasmic	5	5
K20181	cytoplasmic	7	8
K20201	hydrolase	15	15
K20201	phosphatase	13	15
K20205	oxidoreductase	5	5
K20205	peroxidase	5	5
K20215	methyltransferase	51	51
K20215	transferase	51	51
K20217	transferase	8	9
K20238	methyltransferase	6	6
K20238	transferase	6	6
K20278	hydrolase	5	5
K20278	phosphatase	5	5
K20279	carbohydrate_esterase	11	13
K20279	enzyme	11	13
K20279	esterase	11	13
K20279	hydrolase	13	13
K20279	phosphatase	13	13
K20405	regulator	5	5
K20405	regulatory	5	5
K20463	cytoplasmic	7	7
K20509	ion_transporter	10	10
K20509	translocase	10	10
K20509	transporter	10	10
K20534	glycosyltransferase	9	9
K20534	transferase	9	9
K20542	carbohydrate_active	6	6
K20542	glycosidase	6	6
K20542	hydrolase	6	6
K20547	carbohydrate_active	15	15
K20547	glycosidase	15	15
K20547	hydrolase	15	15
K20600	kinase	5	5
K20600	serine_threonine_kinase	5	5
K20600	transferase	5	5
K20619	oxidoreductase	7	7
K20619	oxygenase	7	7
K20667	enzyme	7	8
K20667	halogenase	7	8
K20667	monooxygenase	8	8
K20667	oxidase	7	8
K20667	oxidoreductase	8	8
K20667	oxygenase	8	8
K20715	kinase	5	5
K20715	serine_threonine_kinase	5	5
K20715	tonb_dependent_receptor	5	5
K20715	transferase	5	5
K20718	kinase	5	5
K20718	serine_threonine_kinase	5	5
K20718	transferase	5	5
K20741	cysteine_protease	15	15
K20741	hydrolase	15	15
K20741	protease	15	15
K20773	hydrolase	6	6
K20779	transferase	6	6
K20782	glycosyltransferase	5	5
K20782	transferase	5	5
K20791	transferase	11	11
K20793	transferase	9	10
K20794	transferase	6	6
K20796	methyltransferase	5	5
K20796	transferase	5	5
K20798	methyltransferase	11	11
K20798	transferase	11	11
K20804	transferase	8	8
K20827	hydrolase	12	12
K20827	phosphatase	12	12
K20830	carbohydrate_active	6	6
K20830	glycosidase	6	6
K20830	hydrolase	6	6
K20838	transferase	13	13
K20843	biosynthesis	5	5
K20843	carbohydrate_active	5	5
K20843	cytoplasmic	5	5
K20843	enzyme	5	5
K20843	glycosyltransferase	5	5
K20843	membrane	5	5
K20843	transferase	5	5
K20844	carbohydrate_active	6	6
K20844	glycosidase	6	6
K20844	hydrolase	6	6
K20855	glycosyltransferase	7	7
K20855	transferase	7	7
K20858	abc_permease	13	16
K20858	ion_transporter	14	16
K20858	metal_transporter	14	16
K20858	transporter	14	16
K20869	glycosyltransferase	9	9
K20869	transferase	9	9
K20870	glycosyltransferase	7	7
K20870	transferase	7	7
K20872	kinase	6	6
K20872	serine_threonine_kinase	6	6
K20872	transferase	6	6
K20877	kinase	5	5
K20877	serine_threonine_kinase	5	5
K20877	transferase	5	5
K20886	glycosyltransferase	6	6
K20886	transferase	6	6
K20890	cytoplasmic	5	5
K20890	glycosyltransferase	5	5
K20890	transferase	5	5
K20899	gtp_binding	6	6
K20899	hydrolase	6	6
K20923	glycosyltransferase	8	8
K20923	transferase	8	8
K20924	glycosyltransferase	8	8
K20924	transferase	8	8
K20967	lyase	6	6
K21027	sulfurtransferase	12	12
K21027	transferase	12	12
K21029	nucleotidyltransferase	5	5
K21029	transferase	5	5
K21030	nucleotidyltransferase	38	38
K21030	transferase	38	38
K21031	nucleotidyltransferase	6	6
K21031	transferase	6	6
K21032	glycosyltransferase	5	5
K21032	transferase	5	5
K21053	hydrolase	56	56
K21071	atp_binding	32	32
K21071	kinase	32	32
K21071	transferase	32	32
K21075	cysteine_protease	11	11
K21075	hydrolase	11	11
K21075	peptidase	11	11
K21075	protease	11	11
K21081	nucleotidyltransferase	6	6
K21081	transferase	6	6
K21085	nucleotidyltransferase	11	11
K21085	transferase	11	11
K21121	transferase	7	7
K21138	hydrolase	5	5
K21286	amidase	21	21
K21286	hydrolase	21	21
K21306	glycosyltransferase	9	9
K21306	transferase	9	9
K21310	methyltransferase	5	5
K21310	transferase	5	5
K21315	nucleotidyltransferase	20	20
K21315	transferase	20	20
K21316	hydrolase	5	5
K21316	nucleotidyltransferase	5	5
K21316	transferase	5	5
K21343	hydrolase	10	11
K21343	peptidase	10	11
K21343	protease	10	11
K21403	hydrolase	5	5
K21403	phosphatase	5	5
K21420	transferase	187	187
K21421	nad_binding	6	6
K21421	oxidoreductase	6	6
K21431	decarboxylase	10	10
K21431	lyase	10	10
K21456	ligase	9	9
K21456	synthetase	9	9
K21469	hydrolase	17	17
K21469	peptidase	16	17
K21469	protease	16	17
K21478	amidase	8	8
K21478	hydrolase	8	8
K21480	flavin_binding	8	8
K21480	monooxygenase	8	8
K21480	oxidoreductase	8	8
K21480	oxygenase	8	8
K21505	atp_binding	7	7
K21505	atpase	7	7
K21505	hydrolase	7	7
K21506	kinase	5	5
K21506	serine_threonine_kinase	5	5
K21506	transferase	5	5
K21516	methyltransferase	7	7
K21516	transferase	7	7
K21517	hydrolase	9	9
K21518	kinase	5	5
K21518	serine_threonine_kinase	5	5
K21518	transferase	5	5
K21519	atp_binding	12	12
K21519	atpase	12	12
K21519	hydrolase	12	12
K21567	nad_binding	145	145
K21567	oxidoreductase	145	145
K21568	biosynthesis	8	8
K21568	enzyme	8	8
K21568	halogenase	8	8
K21568	nad_binding	8	8
K21568	oxidase	8	8
K21568	oxidoreductase	8	8
K21568	secondary_metabolism	8	8
K21594	gtp_binding	52	52
K21594	hydrolase	52	52
K21596	regulator	9	11
K21596	regulatory	9	11
K21688	hydrolase	5	5
K21749	nucleotidyltransferase	6	6
K21749	transferase	6	6
K21760	dioxygenase	5	5
K21760	oxidoreductase	5	5
K21760	oxygenase	5	5
K21797	hydrolase	15	15
K21797	phosphatase	15	15
K21804	methyltransferase	7	7
K21804	transferase	7	7
K21810	isomerase	11	12
K21814	hydrolase	7	7
K21814	phosphatase	7	7
K21888	oxidoreductase	5	5
K21888	sulfur_metabolism	5	5
K21888	transferase	5	5
K21892	nitrogen_metabolism	29	29
K21892	oxidoreductase	29	29
K21892	peroxidase	29	29
K21893	nitrogen_metabolism	13	13
K21893	oxidoreductase	13	13
K21910	isomerase	9	9
K21923	nucleotidyltransferase	7	7
K21923	transferase	7	7
K21929	glycosidase	12	12
K21929	hydrolase	12	12
K21938	lyase	5	5
K21948	atp_binding	11	11
K21948	kinase	11	11
K21948	transferase	11	11
K21949	transferase	20	20
K21970	methyltransferase	6	6
K21970	transferase	6	6
K21992	transferase	5	5
K22011	lyase	9	9
K22024	dehydrogenase	20	20
K22024	nad_binding	20	20
K22024	oxidoreductase	20	20
K22048	membrane	9	11
K22078	carbohydrate_active	5	5
K22078	glycosidase	5	5
K22078	hydrolase	5	5
K22100	isomerase	7	7
K22124	nad_binding	5	5
K22124	oxidoreductase	5	5
K22124	sulfur_metabolism	5	5
K22129	atp_binding	5	5
K22129	kinase	5	5
K22129	transferase	5	5
K22130	decarboxylase	5	5
K22130	lyase	5	5
K22136	ligase	75	75
K22136	synthetase	75	75
K22148	ligase	6	6
K22148	synthetase	6	6
K22182	nad_binding	14	14
K22182	oxidoreductase	14	14
K22182	sulfur_metabolism	14	14
K22205	hydrolase	5	5
K22211	dehydratase	10	10
K22211	lyase	10	10
K22223	hydrolase	32	32
K22223	phosphatase	32	32
K22225	decarboxylase	14	14
K22225	lyase	14	14
K22278	amidase	11	11
K22278	hydrolase	11	11
K22292	hydrolase	6	6
K22292	phosphatase	6	6
K22310	transferase	5	5
K22314	hydrolase	6	6
K22324	enzyme	5	5
K22324	halogenase	5	5
K22324	monooxygenase	5	5
K22324	nad_binding	5	5
K22324	oxidase	5	5
K22324	oxidoreductase	5	5
K22324	oxygenase	5	5
K22366	nad_binding	11	13
K22366	oxidoreductase	11	13
K22366	sulfur_metabolism	11	13
K22376	transferase	7	7
K22377	transferase	11	11
K22378	transferase	8	8
K22379	transferase	5	5
K22387	hydrolase	5	5
K22387	phosphodiesterase	5	5
K22390	hydrolase	19	23
K22390	phosphatase	19	23
K22406	dioxygenase	5	5
K22406	oxidoreductase	5	5
K22406	oxygenase	5	5
K22407	dioxygenase	5	5
K22407	oxidoreductase	5	5
K22407	oxygenase	5	5
K22409	amidase	12	12
K22409	hydrolase	12	12
K22418	dehydrogenase	10	10
K22418	nad_binding	10	10
K22418	oxidoreductase	10	10
K22468	atp_binding	13	13
K22468	enzyme	11	13
K22468	kinase	13	13
K22468	phosphotransferase	11	13
K22468	transferase	13	13
K22469	endonuclease	30	30
K22469	hydrolase	30	30
K22469	nuclease	30	30
K22469	rnase	30	30
K22503	ligase	16	16
K22503	translation	16	16
K22503	trna_synthetase	16	16
K22517	transferase	6	6
K22522	glycosidase	18	18
K22522	hydrolase	18	18
K22530	translocase	8	9
K22530	transporter	8	9
K22538	isomerase	6	6
K22538	mutase	6	6
K22539	lyase	14	14
K22544	hydrolase	6	6
K22580	esterase	7	7
K22580	hydrolase	7	7
K22582	hydrolase	6	6
K22582	peptidase	6	6
K22582	protease	6	6
K22610	dioxygenase	5	5
K22610	oxidoreductase	5	5
K22610	oxygenase	5	5
K22647	hydrolase	12	13
K22647	peptidase	12	13
K22647	protease	12	13
K22683	hydrolase	12	12
K22683	peptidase	12	12
K22683	protease	12	12
K22684	cysteine_protease	41	41
K22684	hydrolase	41	41
K22684	protease	41	41
K22686	hydrolase	20	21
K22686	peptidase	20	21
K22686	protease	20	21
K22698	gtp_binding	69	69
K22698	hydrolase	69	69
K22699	glycosyltransferase	46	46
K22699	transferase	46	46
K22703	methyltransferase	5	5
K22703	transferase	5	5
K22745	oxidoreductase	11	12
K22755	transferase	24	24
K22756	transferase	7	7
K22763	hydrolase	11	11
K22763	peptidase	11	11
K22763	protease	11	11
K22795	transferase	5	5
K22807	exonuclease	10	10
K22807	hydrolase	10	10
K22807	nuclease	10	10
K22817	transferase	10	10
K22832	transferase	7	7
K22843	methyltransferase	6	6
K22843	transferase	6	6
K22855	methyltransferase	10	10
K22855	transferase	10	10
K22856	methyltransferase	5	5
K22856	transferase	5	5
K22871	transferase	5	5
K22900	methyltransferase	6	6
K22900	transferase	6	6
K22904	hydrolase	6	6
K22904	phosphatase	6	6
K22913	hydrolase	9	9
K22913	phosphatase	9	9
K22928	glycosidase	14	14
K22928	hydrolase	14	14
K22934	carbohydrate_active	6	6
K22934	enzyme	6	6
K22934	glycosidase	6	6
K22934	glycoside_hydrolase	6	6
K22934	hydrolase	6	6
K22969	dehydrogenase	11	11
K22969	nad_binding	11	11
K22969	oxidoreductase	11	11
K22990	cytoplasmic	7	8
K23010	hydrolase	7	7
K23010	metal_binding	7	7
K23010	peptidase	7	7
K23010	protease	7	7
K23023	lyase	5	5
K23033	nucleotidyltransferase	7	7
K23033	transferase	7	7
K23034	nucleotidyltransferase	5	5
K23034	transferase	5	5
K23050	nad_binding	8	8
K23050	oxidoreductase	8	8
K23093	lyase	8	8
K23095	methyltransferase	8	8
K23095	transferase	8	8
K23114	hydrolase	10	10
K23114	phosphatase	10	10
K23144	nucleotidyltransferase	7	7
K23144	transferase	7	7
K23151	methyltransferase	5	5
K23151	transferase	5	5
K23154	glycosyltransferase	5	5
K23154	transferase	5	5
K23164	oxidoreductase	6	6
K23167	nad_binding	5	5
K23167	oxidoreductase	5	5
K23169	ligase	9	9
K23169	synthetase	9	9
K23222	hydrolase	6	6
K23264	ligase	7	7
K23264	synthetase	7	7
K23265	amidase	176	176
K23265	hydrolase	176	176
K23265	ligase	176	176
K23265	synthetase	176	176
K23269	ligase	275	275
K23269	synthetase	275	275
K23333	transferase	8	9
K23414	transferase	11	11
K23415	transferase	5	5
K23424	glycosyltransferase	12	12
K23424	transferase	12	12
K23435	hydrolase	5	5
K23435	peptidase	5	5
K23435	protease	5	5
K23437	hydrolase	5	5
K23437	peptidase	5	5
K23437	protease	5	5
K23438	hydrolase	7	7
K23438	peptidase	7	7
K23438	protease	7	7
K23452	glycosyltransferase	6	6
K23452	transferase	6	6
K23617	ligase	6	6
K23617	synthetase	6	6
K23700	methyltransferase	15	15
K23700	transferase	15	15
K23727	transferase	6	6
K23734	transferase	20	21
K23735	transferase	9	9
K23741	carbohydrate_active	6	6
K23741	glycosidase	6	6
K23741	hydrolase	6	6
K23788	transferase	5	5
K23790	transferase	12	12
K23856	oxidative_stress	6	6
K23856	oxidoreductase	6	6
K23856	peroxidase	6	6
K23877	transferase	5	5
K23953	dioxygenase	5	5
K23953	enzyme	5	5
K23953	halogenase	5	5
K23953	oxidase	5	5
K23953	oxidoreductase	5	5
K23953	oxygenase	5	5
K23953	protein_modification	5	5
K23953	stress_response	5	5
K23978	hydrolase	12	12
K23991	atp_binding	5	5
K23991	kinase	5	5
K23991	transferase	5	5
K23992	enzyme	5	5
K23992	nucleotidyltransferase	5	5
K23992	phosphotransferase	5	5
K23992	polymerase	5	5
K23992	transferase	5	5
K23997	dehydratase	31	31
K23997	isomerase	31	31
K23997	lyase	31	31
K23997	racemase	31	31
K24006	lyase	7	7
K24006	monooxygenase	7	7
K24006	oxidoreductase	7	7
K24006	oxygenase	7	7
K24017	isomerase	46	46
K24029	dioxygenase	9	9
K24029	oxidoreductase	9	9
K24029	oxygenase	9	9
K24051	hydrolase	7	7
K24051	metal_binding	7	7
K24051	peptidase	7	7
K24051	protease	7	7
K24070	glycosyltransferase	10	10
K24070	transferase	10	10
K24104	gtp_binding	41	41
K24104	hydrolase	41	41
K24119	oxidoreductase	22	22
K24119	peroxidase	22	22
K24131	hydrolase	7	7
K24131	peptidase	7	7
K24131	protease	7	7
K24139	cytoplasmic	10	12
K24140	oxidoreductase	5	5
K24140	peroxidase	5	5
K24147	hydrolase	20	20
K24149	atp_binding	12	12
K24149	atpase	12	12
K24149	cysteine_protease	12	12
K24149	exonuclease	12	12
K24149	glycosidase	12	12
K24149	hydrolase	12	12
K24149	lyase	12	12
K24149	methyltransferase	12	12
K24149	nuclease	12	12
K24149	nucleotidyltransferase	12	12
K24149	peptidase	12	12
K24149	protease	12	12
K24149	rnase	12	12
K24149	transferase	12	12
K24162	hydrolase	7	7
K24222	hydrolase	5	5
K24222	phosphatase	5	5
K24242	hydrolase	11	11
K24242	phosphatase	11	11
K24246	cell_surface	6	6
K24246	secreted	6	6
K24265	hydrolase	6	6
K24265	phosphatase	6	6
K24309	dioxygenase	7	7
K24309	enzyme	7	7
K24309	halogenase	7	7
K24309	oxidase	7	7
K24309	oxidoreductase	7	7
K24309	oxygenase	7	7
K24309	regulator	7	7
K24309	regulatory	7	7
K24418	methyltransferase	5	5
K24418	transferase	5	5
K24426	nad_binding	8	8
K24426	oxidoreductase	8	8
K24473	inner_membrane	9	11
K24473	membrane	9	11
K24553	glycosyltransferase	14	14
K24553	transferase	14	14
K24570	atp_binding	21	21
K24570	atpase	21	21
K24570	hydrolase	21	21
K24570	methyltransferase	21	21
K24570	nucleotidyltransferase	21	21
K24570	peptidase	21	21
K24570	protease	21	21
K24570	transferase	21	21
K24621	transferase	6	6
K24634	methyltransferase	5	5
K24634	transferase	5	5
K24635	methyltransferase	5	5
K24635	transferase	5	5
K24667	methyltransferase	5	5
K24667	transferase	5	5
K24708	atp_binding	10	10
K24708	translocase	10	10
K24708	transporter	10	10
K24768	hydrolase	5	5
K24768	peptidase	5	5
K24768	protease	5	5
K24819	atp_binding	19	19
K24819	translocase	19	19
K24819	transporter	19	19
K24872	transferase	7	7
K24877	regulator	6	6
K24877	regulatory	6	6
K24974	methyltransferase	8	8
K24974	transferase	8	8
K24998	flavin_binding	13	13
K24998	ligase	13	13
K24998	oxidoreductase	13	13
K24998	synthetase	13	13
K25004	nad_binding	8	8
K25004	oxidoreductase	8	8
K25010	esterase	6	6
K25010	hydrolase	6	6
K25026	atp_binding	6	6
K25026	kinase	6	6
K25026	transferase	6	6
K25070	transferase	6	6
K25166	methyltransferase	6	6
K25166	transferase	6	6
K25177	methyltransferase	5	5
K25177	transferase	5	5
K25185	hydrolase	10	10
K25185	peptidase	10	10
K25185	protease	10	10
K25191	methyltransferase	7	7
K25191	transferase	7	7
K25210	transferase	5	5
K25212	sensor_kinase	11	11
K25212	transferase	11	11
K25212	two_component	11	11
K25266	glycosidase	6	6
K25266	hydrolase	6	6
K25267	atp_binding	5	5
K25267	atpase	5	5
K25267	hydrolase	5	5
K25273	nucleotidyltransferase	5	5
K25273	transferase	5	5
K25274	nucleotidyltransferase	8	8
K25274	transferase	8	8
K25276	nucleotidyltransferase	5	5
K25276	transferase	5	5
K25277	nucleotidyltransferase	6	6
K25277	transferase	6	6
K25278	nucleotidyltransferase	10	10
K25278	transferase	10	10
K25279	nucleotidyltransferase	5	5
K25279	transferase	5	5
K25281	cysteine_protease	9	9
K25281	hydrolase	9	9
K25281	nucleotidyltransferase	9	9
K25281	protease	9	9
K25281	transferase	9	9
K25300	atp_binding	13	13
K25300	atpase	13	13
K25300	cysteine_protease	13	13
K25300	glycosidase	13	13
K25300	hydrolase	13	13
K25300	methyltransferase	13	13
K25300	nucleotidyltransferase	13	13
K25300	protease	13	13
K25300	transferase	13	13
K25301	exonuclease	14	14
K25301	hydrolase	14	14
K25301	nuclease	14	14
K25301	rnase	14	14
K25303	hydrolase	16	16
K25303	nucleotidyltransferase	16	16
K25303	transferase	16	16
K25307	hydrolase	27	27
K25307	phosphatase	27	27
K25317	isomerase	5	5
K25317	racemase	5	5
K25365	hydrolase	5	5
K25380	hydrolase	6	6
K25380	metal_binding	6	6
K25380	peptidase	6	6
K25380	protease	6	6
K25422	hydrolase	82	82
K25517	dehydratase	5	5
K25517	lyase	5	5
K25518	decarboxylase	6	6
K25518	lyase	6	6
K25543	carbohydrate_active	7	7
K25543	glycosidase	7	7
K25543	hydrolase	7	7
K25706	transferase	639	639
K25707	carbohydrate_active	10	10
K25707	glycosidase	10	10
K25707	hydrolase	10	10
K25762	transferase	9	9
K25778	transferase	5	5
K25826	regulator	5	5
K25826	regulatory	5	5
K25826	transcription_factor	5	5
K25867	regulator	5	5
K25867	regulatory	5	5
K25874	inner_membrane	8	9
K25874	membrane	8	9
K25876	methyltransferase	5	5
K25876	transferase	5	5
K25900	cysteine_protease	9	9
K25900	hydrolase	9	9
K25900	protease	9	9
K25901	dehydrogenase	6	6
K25901	nad_binding	6	6
K25901	oxidoreductase	6	6
K25939	dehydrogenase	6	6
K25939	nad_binding	6	6
K25939	oxidoreductase	6	6
K25965	oxidoreductase	5	5
K25965	sulfur_metabolism	5	5
K25978	hydrolase	8	8
K25978	metal_binding	8	8
K25978	peptidase	8	8
K25978	protease	8	8
K25988	isomerase	5	5
K25990	atp_binding	8	8
K25990	atpase	8	8
K25990	hydrolase	8	8
K25991	hydrolase	7	7
K25991	methyltransferase	7	7
K25991	nucleotidyltransferase	7	7
K25991	transferase	7	7
K25994	hydrolase	7	7
K25994	phosphatase	7	7
K26012	cysteine_protease	7	7
K26012	hydrolase	7	7
K26012	protease	7	7
K26051	atp_binding	5	5
K26051	atpase	5	5
K26051	hydrolase	5	5
K26089	hydrolase	6	6
K26110	nad_binding	5	5
K26110	nitrogen_metabolism	5	5
K26110	oxidoreductase	5	5
K26134	hydrolase	6	6
K26134	nucleotidyltransferase	6	6
K26134	transferase	6	6
K26148	hydrolase	5	5
K26148	phosphodiesterase	5	5
K26224	antiporter	6	6
K26224	cytoplasmic	6	6
K26224	membrane	6	6
K26224	transporter	6	6
K26275	hydrolase	6	6
K26275	nucleotidyltransferase	6	6
K26275	transferase	6	6
K26380	biosynthesis	5	5
K26380	cytoplasmic	5	5
K26380	lyase	5	5
K26380	sulfur_assimilation	5	5
K26380	sulfur_metabolism	5	5
K26395	nucleotidyltransferase	5	5
K26395	transferase	5	5
K26443	glycosyltransferase	6	6
K26443	transferase	6	6
K26452	transferase	5	5
K26526	hydrolase	5	5
K26528	dnase	12	12
K26528	endonuclease	12	12
K26528	hydrolase	12	12
K26528	nuclease	12	12
K26528	nucleotidyltransferase	12	12
K26528	transferase	12	12
K26529	hydrolase	5	5
K26530	ligase	5	5
K26530	ligase_dna	5	5
K26534	hydrolase	5	5
K26539	hydrolase	6	6
K26539	peptidase	6	6
K26539	protease	6	6
K26615	atp_binding	11	11
K26615	atpase	11	11
K26615	hydrolase	11	11
K26615	nucleotidyltransferase	11	11
K26615	transferase	11	11
K26704	hydrolase	6	6
K26704	nucleotidyltransferase	6	6
K26704	transferase	6	6
K26802	hydrolase	5	5
K26802	peptidase	5	5
K26802	protease	5	5
K26934	atp_binding	6	6
K26934	translocase	6	6
K26934	transporter	6	6
K27085	hydrolase	12	13
K27109	electron_transport	11	11
K27109	translocase	11	11
K27109	transporter	11	11
K27318	nitrogen_metabolism	7	7
K27318	oxidoreductase	7	7
K27343	ligase	152	152
K27343	synthetase	152	152
K27358	esterase	9	9
K27358	hydrolase	9	9
K27382	atp_binding	6	6
K27382	kinase	6	6
K27382	transferase	6	6
K27501	oxidoreductase	6	6
K27504	enzyme	5	5
K27504	transferase	5	5
K27504	ubiquitin_ligase	5	5
K27536	glycosidase	6	6
K27536	hydrolase	6	6
K27605	hydrolase	9	9
K27605	peptidase	9	9
K27605	protease	9	9
K27628	enzyme	5	5
K27628	transferase	5	5
K27628	ubiquitin_ligase	5	5
K27681	transferase	10	10
K27683	hydrolase	5	5
K27758	cytoplasmic	5	5
K27802	dehydratase	29	29
K27802	lyase	29	29
K27808	regulator	5	5
K27808	regulatory	5	5
K27970	transferase	30	30
K28005	glycosyltransferase	5	5
K28005	transferase	5	5
K28011	transferase	10	10
K28013	lyase	5	5
K28034	monooxygenase	8	8
K28034	nad_binding	8	8
K28034	oxidoreductase	8	8
K28034	oxygenase	8	8
K28035	kinase	18	18
K28035	serine_threonine_kinase	18	18
K28035	transferase	18	18
K28100	hydrolase	11	11
K28141	hydrolase	9	9
K28143	hydrolase	23	23
K28147	hydrolase	16	16
K28207	atp_binding	69	69
K28207	kinase	69	69
K28207	transferase	69	69
K28260	hydrolase	6	6
K28262	hydrolase	7	7
K28275	hydrolase	7	7
K28347	biotin_binding	6	6
K28347	carboxylase	6	6
K28347	ligase	6	6
K28434	hydrolase	7	7
K28434	lyase	7	7
K28434	peptidase	7	7
K28434	protease	7	7
K28462	atp_binding	6	6
K28462	kinase	6	6
K28462	transferase	6	6
K28507	inner_membrane	6	6
K28507	membrane	6	6
K28547	dna_binding	7	8
K28547	regulator	7	8
K28547	regulatory	7	8
K28547	transcription	7	8
K28547	transcription_factor	7	8
K28548	regulator	13	14
K28548	regulatory	13	14
K28548	transcription	13	14
K28548	transcription_factor	13	14
K28650	hydrolase	8	8
K28650	peptidase	8	8
K28650	protease	8	8
K28669	cytoplasmic	5	5
K28669	membrane	5	5
K28742	hydrolase	6	6
K28761	amidase	27	27
K28761	hydrolase	27	27
K28785	methyltransferase	5	5
K28785	transferase	5	5
K28799	transferase	12	12
K28820	glycosyltransferase	8	8
K28820	transferase	8	8
K28831	dioxygenase	6	6
K28831	oxidoreductase	6	6
K28831	oxygenase	6	6
K28840	hydrolase	13	13
K28854	hydrolase	6	6
K28854	phosphatase	6	6
K28865	hydrolase	5	5
K28878	carbohydrate_active	5	5
K28878	glycosidase	5	5
K28878	hydrolase	5	5
K28898	carbohydrate_active	12	12
K28898	glycosidase	12	12
K28898	hydrolase	12	12
K28906	cytoplasmic	5	5
K28907	cytoplasmic	5	5
K28907	membrane	5	5
K28955	carbohydrate_active	5	5
K28955	dehydratase	5	5
K28955	enzyme	5	5
K28955	lyase	5	5
K28965	hydrolase	95	96
K28965	phosphatase	95	96
K28983	ligase	15	15
K28983	synthetase	15	15
K28998	hydrolase	14	14
K29006	cysteine_protease	5	5
K29006	hydrolase	5	5
K29006	protease	5	5
K29034	hydrolase	6	6
K29067	cytoplasmic	7	7
K29125	oxidoreductase	109	109
K29128	nitrogen_metabolism	13	13
K29128	oxidoreductase	13	13
K29154	sensor_kinase	18	18
K29154	transferase	18	18
K29154	two_component	18	18
