# Proposed Pfam -> predicate assignments (intent, not evidence).
# scripts/build_pfam_predicate_map.py ships a proposed pair only when the family's
# InterPro GO annotation, Pfam name/description, or an ENZYME name supports it.
# pfam_id_or_name	predicates (comma-separated)	note
AAA_15	aaa_domain,atp_binding,atpase
AAA_19	aaa_domain,atp_binding,atpase
AAA_21	aaa_domain,atp_binding
AAA_23	aaa_domain,atp_binding,atpase
AAA_5	aaa_domain,atp_binding
AAA_lid_3	aaa_domain,atp_binding
AAA_lid_8	aaa_domain,atp_binding
Arf	gtp_binding,gtpase,signaling
BRCT	dna_repair,protein_binding
Beta_helix	beta_helix
Bromo_TP	dna_binding,transcription
CAP12-PCTIR_TIR	defense_system
CBFD_NFYB_HMF	chromatin,dna_binding,histone
CBM96	carbohydrate_active,carbohydrate_binding
CDP-OH_P_transf	lipid_metabolism,phospholipid_metabolism,transferase
Cas_csx3	cas_domain,crispr_associated,defense_system
Csc2	cas_domain,crispr_associated,defense_system
CxxCxxCC	metal_binding,zinc_binding
DEAD	atp_binding,dna_repair,helicase
DEAD_2	atp_binding,helicase,rna_binding
DNA_pol3_delta2	clamp_loader,replication
DNA_pol_B	dna_polymerase,replication
DNA_pol_B_exo1	dna_polymerase,nuclease,replication
DNA_processg_A	dna_repair,recombinational_repair
DSPc	hydrolase,phosphatase
DevR	crispr_associated,defense_system
ERCC4	dna_repair,nuclease
Eco57I	nuclease,restriction_enzyme,restriction_modification
FeThRed_B	iron_sulfur,oxidoreductase,thioredoxin
Flg_new_2	repeat_domain
FtsJ	methyltransferase,rrna_modification
GATase	glutamine_amidotransferase,transferase
GIY-YIG	hydrolase,nuclease
GSH-S_ATP	ligase
GTP_EFTU	gtp_binding,gtpase,translation,translation_factor
Glyco_tranf_2_3	carbohydrate_active,glycosyltransferase,transferase
GmrSD_C	restriction_enzyme,restriction_modification
GmrSD_N	restriction_enzyme,restriction_modification
Gtr1_RagA	gtp_binding,gtpase
HD	hydrolase,metal_binding,phosphatase
HHH_5	dna_binding
HNH	hydrolase,nuclease
HNH_2	hydrolase,nuclease
HNH_5	hydrolase,nuclease
Histone	histone
JAB	deubiquitinase,protease
Kelch_5	kelch_repeat,repeat_domain
Lactamase_B	hydrolase,metal_binding
Lactamase_B_2	hydrolase,metal_binding
Lactamase_B_3	hydrolase,metal_binding
Lipocalin_2	beta_barrel
MCM_OB	helicase,replication,rna_binding
MCM_lid	helicase,replication
MMR_HSR1	gtp_binding,gtpase,ribosomal_protein,translation
MYG1_exonuc	nuclease,rna_processing
MazG	hydrolase,nucleotide_metabolism
MazG-like	hydrolase,nucleotide_metabolism
Metallophos	hydrolase,metal_binding,phosphatase
Metallophos_2	hydrolase,metal_binding,phosphatase
NERD	hydrolase,nuclease
NT5C	nucleotide_metabolism,phosphatase
NUDIX	hydrolase,nucleotide_metabolism
NikA-like	conjugation,mobile_element
NosD	copper_binding,metal_binding
PAP2	hydrolase,phosphatase
PAP2_3	hydrolase,phosphatase
PCNA_N	replication,sliding_clamp
PF00001	membrane
PF00002	membrane
PF00003	membrane
PF00004	aaa_domain,atp_binding,atpase
PF00005	abc_atpase,abc_transporter,atp_binding,transporter
PF00006	atp_binding,atp_synthesis,energy_metabolism
PF00009	gtp_binding,translation,translation_factor
PF00010	dna_binding,helix_loop_helix
PF00011	chaperone,small_hsp,stress_response
PF00012	atp_binding,chaperone,hsp70,stress_response
PF00013	rna_binding
PF00014	protease,regulator
PF00015	chemotaxis,membrane,signaling
PF00016	carbon_fixation,rubisco
PF00017	protein_binding
PF00018	protein_binding
PF00023	ankyrin_repeat,protein_binding,repeat_domain
PF00025	gtp_binding,gtpase
PF00026	hydrolase,protease
PF00027	crp_fnr_family,dna_binding,regulator,transcription_factor
PF00028	adhesin,cell_surface,repeat_domain
PF00032	heme_binding,respiration
PF00033	cytochrome,electron_transport,heme_binding,respiration
PF00034	electron_transport,heme_binding
PF00035	rna_binding
PF00036	calcium_binding,metal_binding
PF00037	electron_transport,ferredoxin,iron_sulfur,metal_binding
PF00039	cell_surface,repeat_domain
PF00040	cell_surface,repeat_domain
PF00041	cell_surface,repeat_domain
PF00042	heme_binding
PF00043	oxidative_stress,transferase
PF00044	central_metabolism,glycolysis,nad_binding
PF00046	dna_binding,helix_turn_helix
PF00047	cell_surface,repeat_domain
PF00050	protease,regulator
PF00056	dehydrogenase,nad_binding,oxidoreductase
PF00067	heme_binding,monooxygenase,oxidoreductase,oxygenase
PF00070	fad_binding,nad_binding,oxidoreductase
PF00071	gtp_binding,gtpase,signaling
PF00072	regulator,response_regulator,two_component
PF00075	dna_repair,hydrolase,rnase
PF00076	rna_binding
PF00077	mobile_element,protease
PF00078	dna_polymerase,mobile_element
PF00079	protease,regulator
PF00080	manganese_binding,metal_binding
PF00083	membrane,mfs_transporter,sugar_transporter,transporter
PF00085	arsenic_resistance,heavy_metal_resistance,oxidative_stress,oxidoreductase,thioredoxin
PF00089	hydrolase,protease
PF00091	cell_division,ftsz,gtp_binding
PF00092	cell_surface,repeat_domain
PF00096	dna_binding,metal_binding,zinc_binding,zinc_finger
PF00097	metal_binding,zinc_binding
PF00098	metal_binding,zinc_binding,zinc_finger
PF00101	carbon_fixation,rubisco
PF00105	metal_binding,zinc_binding
PF00106	cofactor_binding,dehydrogenase,nad_binding,oxidoreductase
PF00107	dehydrogenase,metal_binding,nad_binding,oxidoreductase,zinc_binding
PF00108	fatty_acid_degradation,lipid_metabolism,transferase
PF00109	fatty_acid_synthesis,lipid_metabolism,transferase
PF00111	2fe2s,ferredoxin,iron_sulfur,metal_binding
PF00113	gluconeogenesis,glycolysis,kinase
PF00114	cell_surface,pilus
PF00115	cytochrome,cytochrome_c_oxidase,electron_transport,heme_binding,respiration,terminal_oxidase
PF00117	amino_acid_metabolism,glutamine_amidotransferase,transferase
PF00118	chaperone,hsp60,stress_response
PF00120	ammonia_assimilation,glutamine_synthetase,nitrogen_metabolism
PF00121	glycolysis,isomerase
PF00124	light_harvesting,photosynthesis
PF00125	dna_binding,regulator
PF00126	dna_binding,helix_turn_helix,lysr_family,regulator,transcription_factor
PF00127	copper_binding,metal_binding
PF00132	acetyltransferase,repeat_domain,transferase
PF00133	amino_acid_metabolism,translation,trna_synthetase
PF00136	metal_binding,zinc_binding
PF00137	atp_synthesis,energy_metabolism,membrane
PF00140	regulator,sigma_factor
PF00141	heme_binding,oxidative_stress,oxidoreductase,peroxidase
PF00142	iron_sulfur
PF00144	antibiotic_resistance,beta_lactamase,hydrolase
PF00145	dna_binding,methyltransferase_rm,restriction_modification
PF00148	molybdenum_binding,oxidoreductase
PF00149	manganese_binding,metal_binding
PF00152	amino_acid_metabolism,atp_binding,translation,trna_synthetase
PF00154	atp_binding,dna_repair,recombinational_repair
PF00155	amino_acid_metabolism,aminotransferase,plp_binding
PF00156	nucleotide_metabolism,purine_metabolism,transferase
PF00162	glycolysis,kinase
PF00165	arac_family,dna_binding,helix_turn_helix,regulator,transcription_factor
PF00166	chaperone,hsp60,stress_response
PF00171	dehydrogenase,oxidoreductase
PF00173	fatty_acid_synthesis,lipid_metabolism
PF00174	metal_binding,molybdenum_binding
PF00175	nad_binding,oxidoreductase,reductase
PF00176	atp_binding,helicase,regulator
PF00188	cell_surface
PF00190	hydrolase,oxidoreductase
PF00196	dna_binding,helix_turn_helix,luxr_family,regulator,transcription_factor
PF00199	catalase,heme_binding,oxidative_stress
PF00202	amino_acid_metabolism,aminotransferase,plp_binding
PF00207	binding,protease
PF00208	amino_acid_degradation,dehydrogenase,oxidoreductase
PF00210	iron_sulfur,metal_binding
PF00211	signaling
PF00213	atp_synthesis,energy_metabolism
PF00215	lyase,nucleotide_metabolism,pyrimidine_metabolism
PF00218	histidine_biosynthesis,transferase
PF00223	iron_sulfur,photosynthesis,photosystem_i
PF00224	atp_binding,glycolysis,kinase
PF00226	chaperone,hsp60,stress_response
PF00230	ion_channel,membrane,transporter
PF00232	manganese_binding,metal_binding
PF00239	dna_binding,mobile_element,recombinase,resolvase
PF00240	metal_binding,zinc_binding
PF00248	oxidoreductase,reductase
PF00251	carbohydrate_active,glycosidase,hydrolase
PF00252	ribosomal_protein,translation
PF00254	chaperone,isomerase
PF00258	electron_transport,fmn_binding,oxidoreductase
PF00266	amino_acid_metabolism,aminotransferase,plp_binding,transferase
PF00267	beta_barrel,outer_membrane,porin,transporter
PF00270	atp_binding,dna_repair,helicase,rna_binding
PF00271	atp_binding,dna_repair,helicase
PF00278	amino_acid_metabolism,decarboxylase,lyase
PF00281	ribosomal_protein,translation
PF00285	central_metabolism,lyase,tca_cycle
PF00288	atp_binding,kinase,transferase
PF00290	aromatic_aa_metabolism,transferase
PF00291	amino_acid_biosynthesis,aromatic_aa_metabolism
PF00293	hydrolase,nucleotide_metabolism
PF00294	carbohydrate_active,central_metabolism,kinase
PF00297	ribosomal_protein,translation
PF00300	hydrolase,phosphatase
PF00301	electron_transport,iron_sulfur,metal_binding
PF00308	atp_binding,dna_binding,replication
PF00310	aminotransferase,nitrogen_metabolism
PF00313	cold_shock,rna_binding,stress_response
PF00316	gluconeogenesis,phosphatase
PF00317	nucleotide_metabolism,oxidoreductase,reductase
PF00324	amino_acid_transporter,membrane,transporter
PF00325	crp_fnr_family,dna_binding,regulator,transcription_factor
PF00329	electron_transport,respiration
PF00330	central_metabolism,iron_sulfur,lyase,tca_cycle
PF00334	kinase,nucleotide_metabolism
PF00342	central_metabolism,glycolysis,isomerase
PF00343	carbohydrate_active,transferase
PF00346	electron_transport,iron_sulfur,respiration
PF00352	dna_binding,regulator,transcription
PF00353	calcium_binding,metal_binding
PF00354	cell_surface,immune_related
PF00355	copper_binding,metal_binding
PF00356	dna_binding,laci_family,regulator,transcription_factor
PF00365	glycolysis,isomerase
PF00368	isoprenoid_biosynthesis,oxidoreductase
PF00374	hydrogen_metabolism,hydrogenase,metal_binding,nickel_binding,nife_hydrogenase,nifese_hydrogenase,selenium
PF00376	dna_binding,helix_turn_helix,regulator,transcription_factor
PF00378	central_metabolism,fatty_acid_degradation,lipid_metabolism,pentose_phosphate
PF00382	dna_binding,transcription
PF00383	hydrolase,nucleotide_metabolism
PF00384	denitrification,metal_binding,molybdenum_binding,nitrate_reduction
PF00389	2fe2s,dehydrogenase,fad_binding,oxidoreductase
PF00390	central_metabolism,nad_binding,oxidoreductase
PF00391	central_metabolism,transferase
PF00392	dna_binding,gntr_family,helix_turn_helix,regulator,transcription_factor
PF00394	copper_binding,denitrification,metal_binding
PF00400	protein_binding,repeat_domain,wd40_repeat
PF00403	copper_binding,heavy_metal_resistance,metal_binding,metal_transporter,transporter
PF00404	adhesin,cell_surface,dockerin
PF00406	atp_binding,kinase,nucleotide_metabolism
PF00415	regulatory,repeat_domain
PF00421	heme_binding,photosynthesis,photosystem_ii
PF00431	cell_surface,repeat_domain
PF00432	isoprenoid_biosynthesis,transferase
PF00436	dna_binding,replication
PF00437	secretion_component,t1ss_component
PF00440	dna_binding,helix_turn_helix,regulator,tetr_family,transcription_factor
PF00441	beta_oxidation,fatty_acid_degradation,lipid_metabolism
PF00449	metal_binding,nickel_binding,urease
PF00456	pentose_phosphate,thiamine_binding,transferase
PF00459	hydrolase,phosphatase
PF00462	glutaredoxin,oxidative_stress,oxidoreductase
PF00464	one_carbon_metabolism,plp_binding,transferase
PF00465	dehydrogenase,iron_sulfur,oxidoreductase
PF00472	translation,translation_factor
PF00474	membrane,symporter,transporter
PF00475	histidine_biosynthesis,lyase
PF00476	dna_polymerase,replication
PF00478	metal_binding,zinc_binding
PF00479	central_metabolism,pentose_phosphate
PF00480	carbohydrate_active,kinase,regulatory
PF00481	hydrolase,phosphatase,regulatory
PF00482	secretion_component,t2ss_component
PF00483	nucleotidyltransferase,transferase
PF00484	hydrolase,lyase,zinc_binding
PF00485	calvin_cycle,carbohydrate_active,carbon_fixation,kinase,prk
PF00488	dna_repair,mismatch_repair
PF00490	heme_biosynthesis,lyase
PF00496	abc_substrate_binding,abc_transporter,transporter
PF00498	phosphopeptide_binding,signaling
PF00501	atp_binding,nrps,secondary_metabolism
PF00512	kinase,regulator,sensor_kinase,two_component
PF00515	protein_binding,repeat_domain,tpr_repeat
PF00520	ion_channel,membrane,transporter
PF00521	replication,topoisomerase
PF00528	abc_substrate_binding,abc_transporter,periplasmic,transporter
PF00532	abc_substrate_binding,abc_transporter,transporter
PF00534	carbohydrate_active,glycosyltransferase,transferase
PF00535	carbohydrate_active,glycosyltransferase,transferase
PF00543	nitrogen_metabolism,regulatory
PF00549	central_metabolism,ligase,tca_cycle
PF00550	fatty_acid_synthesis,lipid_metabolism,nrps,polyketide_synthesis,secondary_metabolism
PF00551	one_carbon_metabolism,transferase
PF00556	light_harvesting,photosynthesis
PF00560	lrr_repeat,repeat_domain
PF00563	cyclic_dinucleotide,phosphodiesterase,signaling
PF00565	hydrolase,nuclease
PF00570	dna_repair,helicase
PF00571	cbs_domain,nucleotide_binding,regulatory
PF00575	ribosomal_protein,rna_binding
PF00577	sec_pathway,secretion_component,signal_recognition
PF00578	oxidative_stress,oxidoreductase,peroxiredoxin
PF00581	sulfur_metabolism,sulfurtransferase,transferase
PF00582	stress_response
PF00583	acetyltransferase,transferase
PF00586	amino_acid_metabolism,ligase,purine_metabolism
PF00587	amino_acid_metabolism,translation,trna_synthetase
PF00593	beta_barrel,outer_membrane,tonb_dependent_receptor,transporter
PF00596	aldolase,central_metabolism,lyase
PF00614	hydrolase,lipase,signaling
PF00633	dna_binding,dna_repair
PF00639	chaperone,isomerase
PF00653	metal_binding,zinc_binding
PF00654	ion_channel,membrane,transporter
PF00664	abc_atpase,abc_transporter,atp_binding,transporter
PF00665	integrase,mobile_element,recombinase
PF00668	polyketide_synthesis,secondary_metabolism
PF00669	cell_surface,flagellin,flagellum
PF00672	regulator,sensor_kinase,two_component
PF00676	central_metabolism,dehydrogenase,oxidoreductase
PF00679	translation,translation_factor
PF00682	central_metabolism,lyase
PF00684	chaperone,zinc_binding
PF00685	sulfur_metabolism,sulfurtransferase,transferase
PF00691	cell_surface,outer_membrane
PF00692	hydrolase,nucleotide_metabolism
PF00696	amino_acid_biosynthesis,amino_acid_metabolism,atp_binding,kinase
PF00697	aromatic_aa_metabolism,isomerase
PF00698	fatty_acid_synthesis,lipid_metabolism
PF00700	cell_surface,flagellin,flagellum
PF00701	amino_acid_biosynthesis,lyase
PF00702	hydrolase,phosphatase
PF00705	dna_binding,replication
PF00708	energy_metabolism,hydrolase,phosphatase
PF00710	amino_acid_metabolism,hydrolase
PF00712	dna_polymerase,replication
PF00722	carbohydrate_active,glycosidase,hydrolase
PF00723	carbohydrate_active,glycosidase,hydrolase
PF00724	nadp_binding,oxidoreductase,reductase
PF00725	dehydrogenase,fatty_acid_degradation,oxidoreductase
PF00733	amino_acid_biosynthesis,asparagine_synthesis,ligase
PF00735	cell_division,gtp_binding
PF00736	translation,translation_factor
PF00741	cell_surface,membrane
PF00742	amino_acid_biosynthesis,oxidoreductase
PF00752	dna_repair,nuclease
PF00753	hydrolase,metal_binding,zinc_binding
PF00754	carbohydrate_binding
PF00763	one_carbon_metabolism,oxidoreductase
PF00768	cell_wall,pbp,peptidoglycan,transpeptidase
PF00773	hydrolase,rna_processing,rnase
PF00781	kinase,lipid_metabolism
PF00800	aromatic_aa_metabolism,lyase
PF00801	adhesin,cell_surface,repeat_domain
PF00805	repeat_domain
PF00808	dna_binding,regulator
PF00814	translation,trna_modification
PF00815	histidine_biosynthesis,oxidoreductase
PF00817	dna_repair,sos_response
PF00821	gluconeogenesis,lyase
PF00834	isomerase,pentose_phosphate
PF00849	isomerase,trna_modification
PF00850	hydrolase,regulator
PF00856	methyltransferase,sam_binding,transferase
PF00857	aromatic_aa_metabolism,hydrolase
PF00867	dna_repair,nuclease
PF00873	antibiotic_resistance,efflux_pump,membrane,multidrug_resistance,transporter
PF00881	fmn_binding,oxidoreductase,reductase
PF00884	hydrolase,sulfur_metabolism
PF00890	iron_sulfur,sulfate_reduction,sulfur_metabolism
PF00892	membrane,transporter
PF00893	efflux_pump,membrane,multidrug_resistance,transporter
PF00899	cofactor_biosynthesis,ligase,thiamine_biosynthesis
PF00903	antibiotic_resistance,dioxygenase,iron_binding,oxidoreductase
PF00905	antibiotic_resistance,cell_wall,pbp,peptidoglycan
PF00908	carbohydrate_active,isomerase
PF00909	nitrogen_metabolism,transporter
PF00912	cell_wall,murein_synthesis,peptidoglycan,transferase
PF00919	hypothetical
PF00920	branched_chain_aa,dehydratase,lyase
PF00923	pentose_phosphate,transferase
PF00924	copper_binding,metal_binding
PF00925	cofactor_biosynthesis,hydrolase
PF00929	hydrolase,nuclease
PF00931	atp_binding,defense_system,signaling
PF00932	cell_division
PF00936	copper_binding,metal_binding,methanotrophy,one_carbon_metabolism
PF00939	membrane,sulfate_transporter,transporter
PF00950	abc_atpase,abc_transporter,transporter
PF00958	ligase,purine_metabolism
PF00962	deaminase,hydrolase,nucleotide_metabolism
PF00963	adhesin,cell_surface,cohesin
PF00977	amino_acid_biosynthesis,histidine_biosynthesis
PF00989	sensor_kinase,signaling
PF00990	cyclic_dinucleotide,diguanylate_cyclase,signaling
PF00994	metal_binding,molybdenum_binding
PF00999	ion_transporter,sodium_transporter,transporter
PF01011	dehydrogenase,oxidoreductase,pqq_binding
PF01022	dna_binding,helix_turn_helix,regulator,transcription_factor
PF01023	calcium_binding,metal_binding
PF01025	chaperone,heat_shock
PF01026	dna_repair,dnase,hydrolase
PF01032	abc_transporter,iron_binding,transporter
PF01037	asnc_family,regulator
PF01041	aminotransferase,plp_binding,secondary_metabolism,transferase
PF01047	dna_binding,marr_family,regulator,transcription_factor
PF01048	nucleotide_metabolism,transferase
PF01050	carbohydrate_active,isomerase
PF01053	plp_binding,sulfur_metabolism,transferase
PF01057	atp_binding,helicase,mobile_element
PF01061	abc_atpase,abc_transporter,atp_binding,metal_binding,transporter,zinc_binding
PF01063	amino_acid_biosynthesis,aromatic_aa_metabolism
PF01066	lipid_metabolism,transferase
PF01070	fmn_binding,oxidoreductase,reductase
PF01071	atp_binding,ligase,purine_metabolism
PF01073	dehydrogenase,fad_binding,oxidoreductase
PF01077	iron_sulfur,metal_binding
PF01078	atp_binding,chelatase,heme_biosynthesis,magnesium_binding
PF01087	sulfur_assimilation,sulfur_metabolism
PF01094	membrane,receptor,signaling
PF01106	iron_sulfur,iron_sulfur_biosynthesis
PF01113	amino_acid_biosynthesis,oxidoreductase
PF01116	aldolase,glycolysis,lyase
PF01119	dna_repair,mismatch_repair
PF01128	isoprenoid_biosynthesis,transferase
PF01135	methyltransferase,protein_modification,transferase
PF01137	ligase,rna_processing
PF01139	ligase,rna_processing
PF01142	isomerase,translation,trna_modification
PF01145	membrane,signaling,stress_response
PF01148	lipid_metabolism,nucleotidyltransferase
PF01149	base_excision_repair,dna_repair
PF01154	isoprenoid_biosynthesis,lipid_metabolism,transferase
PF01155	hydrogenase_maturation,metal_binding,nickel_binding
PF01161	binding,lipid_metabolism
PF01168	amino_acid_metabolism,isomerase,plp_binding
PF01169	calcium_binding,metal_transporter,transporter
PF01170	methyltransferase,transferase
PF01172	ribosomal_protein,translation
PF01174	glutamine_amidotransferase,transferase
PF01176	translation,translation_factor
PF01177	isomerase,racemase
PF01180	oxidoreductase,pyrimidine_metabolism
PF01182	carbohydrate_active,isomerase
PF01184	membrane,transporter
PF01189	methyltransferase,rrna_modification
PF01202	aromatic_aa_metabolism,kinase
PF01204	carbohydrate_active,glycosidase,hydrolase
PF01206	sulfur_metabolism,sulfurtransferase,transferase
PF01207	oxidoreductase,trna_modification
PF01208	decarboxylase,heme_biosynthesis,lyase
PF01209	metal_binding,molybdenum_binding
PF01210	dehydrogenase,lipid_metabolism,oxidoreductase
PF01222	isoprenoid_biosynthesis,oxidoreductase,reductase
PF01227	cofactor_biosynthesis,folate_biosynthesis,hydrolase
PF01230	hydrolase,nucleotide_metabolism
PF01239	isoprenoid_biosynthesis,transferase
PF01242	cofactor_biosynthesis,lyase
PF01243	cofactor_biosynthesis,oxidoreductase,pyridoxal_biosynthesis
PF01253	translation,translation_factor
PF01255	isoprenoid_biosynthesis,transferase
PF01261	base_excision_repair,dna_repair,nuclease
PF01262	amino_acid_metabolism,dehydrogenase,oxidoreductase
PF01266	fad_binding,oxidase,oxidoreductase
PF01268	atp_binding,ligase,one_carbon_metabolism
PF01269	methyltransferase,rrna_modification
PF01276	decarboxylase,lyase
PF01287	translation,translation_factor
PF01288	cofactor_biosynthesis,folate_biosynthesis,kinase
PF01293	central_metabolism,gluconeogenesis,lyase
PF01297	abc_transporter,transporter,zinc_binding
PF01300	translation,trna_modification
PF01302	calcium_binding,metal_binding
PF01312	flagellar_motor,flagellum
PF01315	metal_binding,molybdenum_binding
PF01321	chaperone,stress_response
PF01323	oxidoreductase,thioredoxin
PF01325	dna_binding,iron_binding,regulator
PF01326	central_metabolism,kinase
PF01327	hydrolase,metal_binding,protease
PF01336	amino_acid_metabolism,translation,trna_synthetase
PF01339	chemotaxis,hydrolase
PF01344	kelch_repeat,repeat_domain
PF01345	adhesin,cell_surface,repeat_domain
PF01351	dna_repair,hydrolase,rnase
PF01370	carbohydrate_active,epimerase,isomerase,nad_binding
PF01379	heme_biosynthesis,lyase
PF01380	carbohydrate_active,isomerase,sugar_metabolism
PF01381	dna_binding,helix_turn_helix
PF01384	membrane,phosphate_transporter,transporter
PF01391	cell_surface,repeat_domain
PF01402	dna_binding,regulator,ribbon_helix_helix
PF01408	metal_binding,zinc_binding
PF01409	translation,trna_synthetase
PF01419	dna_repair,mismatch_repair
PF01420	methyltransferase,methyltransferase_rm,restriction_modification
PF01423	rna_binding
PF01425	amidase,hydrolase
PF01436	repeat_domain
PF01450	branched_chain_aa,isomerase,reductase
PF01451	hydrolase,phosphatase
PF01455	hydrogenase_maturation
PF01458	iron_sulfur,iron_sulfur_biosynthesis
PF01464	cell_wall,hydrolase,lytic_transglycosylase,peptidoglycan
PF01467	lipid_metabolism,nucleotidyltransferase,transferase
PF01475	iron_binding,metal_homeostasis,regulator,transcription_factor
PF01476	cell_wall,murein_synthesis,peptidoglycan
PF01479	rna_binding
PF01487	aromatic_aa_metabolism,hydrolase
PF01488	aromatic_aa_metabolism,dehydrogenase,oxidoreductase
PF01490	amino_acid_transporter,membrane,transporter
PF01493	nucleotide_binding
PF01494	fad_binding,oxidase,oxidoreductase
PF01497	abc_permease,abc_transporter,transporter
PF01502	histidine_biosynthesis,hydrolase
PF01503	histidine_biosynthesis,hydrolase
PF01507	oxidoreductase,sulfur_metabolism
PF01509	isomerase,trna_modification
PF01510	cell_wall,hydrolase,peptidoglycan
PF01512	fad_binding,oxidoreductase,reductase
PF01514	flagellar_hook,flagellum
PF01515	central_metabolism,transferase
PF01520	holin,membrane,phage_related
PF01522	carbohydrate_active,hydrolase
PF01523	metal_binding,protease
PF01526	mobile_element,transposase
PF01527	mobile_element,transposase
PF01535	regulatory,repeat_domain
PF01541	hydrolase,nuclease
PF01544	magnesium_binding,metal_transporter,transporter
PF01545	copper_binding,membrane,metal_binding,metal_transporter,transporter
PF01547	abc_substrate_binding,abc_transporter,transporter
PF01548	mobile_element,transposase
PF01554	efflux_pump,membrane,transporter
PF01555	dna_methylase,methyltransferase,restriction_modification
PF01556	chaperone,heat_shock
PF01558	central_metabolism,iron_sulfur,oxidoreductase
PF01566	membrane,metal_transporter,transporter
PF01568	denitrification,metal_binding,molybdenum_binding,nitrate_reduction
PF01569	hydrolase,lipid_metabolism,phosphatase
PF01571	amino_acid_degradation,one_carbon_metabolism,transferase
PF01580	atp_binding,cell_division,dna_binding
PF01582	defense_system,signaling
PF01584	chemotaxis,signaling
PF01590	sensor_kinase,signaling
PF01591	carbohydrate_active,kinase
PF01592	iron_sulfur,iron_sulfur_biosynthesis
PF01593	flavin_binding,oxidase,oxidoreductase
PF01594	signaling,transporter
PF01595	membrane,metal_transporter,transporter
PF01597	amino_acid_degradation,one_carbon_metabolism
PF01602	membrane,vesicle_trafficking
PF01609	mobile_element,transposase
PF01612	dna_polymerase,nuclease,replication
PF01614	dna_binding,iclr_family,regulator,transcription_factor
PF01624	dna_repair,mismatch_repair
PF01625	oxidative_stress,oxidoreductase,sulfur_metabolism
PF01627	kinase,two_component
PF01634	histidine_biosynthesis,transferase
PF01636	aminoglycoside_resistance,antibiotic_resistance,phosphotransferase
PF01637	atp_binding,atpase
PF01638	one_carbon_metabolism,regulator
PF01641	oxidoreductase,selenium_metabolism
PF01654	cytochrome_bd_oxidase,electron_transport,heme_binding,respiration,terminal_oxidase
PF01656	cell_division,chromosome_partitioning,cobalamin_biosynthesis,iron_sulfur
PF01661	regulatory,signaling
PF01663	hydrolase,phosphodiesterase,signaling
PF01676	manganese_binding,metal_binding
PF01680	cofactor_biosynthesis,pyridoxal_biosynthesis
PF01693	hypothetical,phage_related
PF01695	atp_binding,mobile_element,transposase
PF01699	ion_transporter,membrane,sodium_transporter,transporter
PF01702	transferase,trna_modification
PF01712	kinase,nucleotide_metabolism
PF01717	amino_acid_biosynthesis,one_carbon_metabolism,transferase
PF01725	hydrolase,nucleotide_metabolism
PF01728	methyltransferase,rrna_modification
PF01729	nad_biosynthesis,transferase
PF01738	esterase,hydrolase
PF01739	chemotaxis,methyltransferase
PF01740	sulfate_transporter,transporter
PF01741	ion_channel,membrane,transporter
PF01743	nucleotidyltransferase,rna_processing
PF01747	atp_binding,sulfur_metabolism,transferase
PF01750	hydrogenase_maturation,protease
PF01757	acetyltransferase,lipid_metabolism,transferase
PF01758	membrane,symporter,transporter
PF01762	carbohydrate_active,glycosyltransferase,transferase
PF01769	magnesium_binding,metal_transporter,transporter
PF01784	hypothetical
PF01789	photosynthesis
PF01791	carbohydrate_active,lyase
PF01794	chemotaxis,signaling
PF01796	dna_binding,rna_binding
PF01797	mobile_element,transposase
PF01798	rna_binding,rrna_modification
PF01808	purine_metabolism,transferase
PF01810	amino_acid_transporter,membrane,transporter
PF01812	atp_binding,ligase,one_carbon_metabolism
PF01814	iron_binding,metal_binding,oxygen_binding
PF01817	aromatic_aa_metabolism,isomerase
PF01833	adhesin,cell_surface
PF01835	hypothetical
PF01837	amino_acid_biosynthesis,sulfur_metabolism,transferase
PF01839	cell_surface,repeat_domain
PF01842	amino_acid_metabolism,regulatory
PF01844	dna_repair,hydrolase,nuclease
PF01846	metal_binding,zinc_binding
PF01849	dna_binding,regulator
PF01850	pin_domain,ribonuclease,toxin_domain
PF01855	central_metabolism,iron_sulfur,oxidoreductase
PF01862	amino_acid_metabolism,decarboxylase,lyase
PF01863	metal_binding,protease
PF01864	lipid_metabolism,transferase
PF01865	hypothetical
PF01868	rna_processing,rnase
PF01870	dna_repair,nuclease,recombinational_repair
PF01871	regulatory
PF01872	cofactor_biosynthesis,reductase
PF01873	translation,translation_factor
PF01874	cofactor_biosynthesis,transferase
PF01875	hypothetical
PF01876	rna_processing,rnase
PF01880	iron_sulfur,oxidative_stress
PF01883	iron_sulfur,iron_sulfur_biosynthesis
PF01884	lipid_metabolism,transferase
PF01887	cofactor_biosynthesis,transferase
PF01891	cobalt_binding,membrane,transporter
PF01894	hypothetical
PF01895	metal_binding,phosphate_transporter,regulator
PF01899	antiporter,membrane,transporter
PF01900	rna_processing,rnase
PF01903	cobalamin_binding,cobalt_binding,metal_binding
PF01905	crispr_associated,defense_system,regulator
PF01906	heavy_metal_resistance,metal_binding
PF01909	metal_binding,zinc_binding
PF01912	translation,translation_factor
PF01913	archaeal_one_carbon,one_carbon_metabolism,transferase
PF01914	membrane,transporter
PF01916	amino_acid_metabolism,translation
PF01918	dna_binding,regulator
PF01920	chaperone
PF01924	hydrogenase_maturation
PF01925	sulfur_metabolism,transporter
PF01926	gtp_binding,gtpase,ribosomal_protein,translation
PF01927	nuclease,rna_processing
PF01928	hydrolase,nucleotide_metabolism
PF01930	cas_domain,crispr_associated,defense_system
PF01934	hydrolase,rnase
PF01935	atp_binding,dna_repair,helicase
PF01936	nuclease,rna_processing
PF01937	hydrolase,phosphatase
PF01938	rna_binding,trna_modification
PF01939	dna_repair,nuclease
PF01944	cell_division
PF01946	cofactor_biosynthesis,thiamine_biosynthesis
PF01947	aromatic_aa_metabolism,lyase
PF01948	pyrimidine_metabolism,regulatory
PF01950	gluconeogenesis,phosphatase
PF01951	ligase,rna_processing
PF01954	hypothetical
PF01955	cobalamin_biosynthesis,cofactor_biosynthesis
PF01956	membrane
PF01957	membrane,signaling
PF01958	amino_acid_metabolism,oxidoreductase
PF01959	aromatic_aa_metabolism,lyase
PF01960	amino_acid_biosynthesis,aminotransferase
PF01963	conjugation,mobile_element
PF01964	radical_sam,thiamine_biosynthesis
PF01965	oxidative_stress,protease
PF01966	cyclic_dinucleotide,phosphodiesterase,signaling
PF01967	cofactor_biosynthesis,molybdenum_binding
PF01968	amino_acid_metabolism,hydrolase
PF01969	hydrogenase_maturation,nickel_binding
PF01970	membrane,transporter
PF01973	cofactor_biosynthesis,kinase
PF01974	nuclease,rna_processing
PF01975	hydrolase,phosphatase
PF01977	cofactor_biosynthesis,lyase
PF01978	methyltransferase,trna_modification
PF01979	metal_binding,nickel_binding
PF01980	methyltransferase,trna_modification
PF01981	hydrolase,translation
PF01982	hypothetical
PF01983	cofactor_biosynthesis,transferase
PF01985	rna_binding
PF01987	hypothetical
PF01988	iron_binding,metal_transporter,transporter
PF01989	lyase,tca_cycle
PF01994	methyltransferase,trna_modification
PF01995	nitrogen_metabolism,regulatory
PF01997	rna_binding,translation
PF02002	dna_binding,transcription
PF02005	methyltransferase,trna_modification
PF02006	cofactor_biosynthesis,ligase
PF02007	archaeal_one_carbon,one_carbon_metabolism
PF02018	carbohydrate_active,carbohydrate_binding
PF02080	ion_transporter,transporter
PF02110	kinase,thiamine_biosynthesis
PF02132	dna_repair,zinc_binding
PF02144	dna_repair,replication
PF02151	dna_repair,nucleotide_excision_repair
PF02153	aromatic_aa_metabolism,oxidoreductase
PF02178	dna_binding
PF02210	adhesin,cell_surface,repeat_domain
PF02219	fad_binding,one_carbon_metabolism,oxidoreductase
PF02223	atp_binding,kinase,nucleotide_metabolism
PF02224	kinase,nucleotide_metabolism
PF02225	hydrolase,protease
PF02233	membrane,transporter
PF02240	mcr_complex,metal_binding,methanogenesis,nickel_binding,one_carbon_metabolism
PF02241	mcr_complex,methanogenesis,one_carbon_metabolism
PF02249	mcr_complex,methanogenesis,one_carbon_metabolism
PF02254	ion_transporter,regulatory,transporter
PF02256	fefe_hydrogenase,hydrogen_metabolism,hydrogenase,iron_sulfur
PF02261	amino_acid_metabolism,decarboxylase,lyase
PF02264	beta_barrel,outer_membrane,porin,transporter
PF02272	hydrolase,phosphatase
PF02274	amino_acid_degradation,hydrolase
PF02277	nucleotide_metabolism,transferase
PF02289	hydrolase,one_carbon_metabolism
PF02291	regulator,transcription
PF02298	copper_binding,metal_binding
PF02308	membrane,stress_response
PF02310	cobalamin_binding,cobalt_binding,metal_binding
PF02321	efflux_pump,membrane,transporter
PF02322	cytochrome,cytochrome_c_oxidase,electron_transport,heme_binding,respiration,terminal_oxidase
PF02347	amino_acid_degradation,one_carbon_metabolism
PF02348	lipid_metabolism,nucleotidyltransferase
PF02353	lipid_metabolism,methyltransferase
PF02355	membrane,sec_pathway,secretion_component
PF02358	carbohydrate_active,phosphatase
PF02359	aaa_domain,atp_binding,chaperone
PF02361	cobalt_binding,transporter
PF02366	glycosyltransferase,transferase
PF02371	mobile_element,transposase
PF02374	arsenic_resistance,atp_binding,atpase,heavy_metal_resistance
PF02384	dna_methylase,methyltransferase,restriction_modification
PF02388	cell_wall,peptidoglycan,transferase
PF02391	cofactor_biosynthesis,molybdenum_binding
PF02397	carbohydrate_active,glycosyltransferase,transferase
PF02403	translation,trna_synthetase
PF02412	cell_surface,repeat_domain
PF02416	secretion_component,tat_pathway
PF02421	gtp_binding,iron_binding,metal_transporter,transporter
PF02423	amino_acid_metabolism,isomerase
PF02424	cofactor_biosynthesis,fad_biosynthesis
PF02435	carbohydrate_active,glycosidase,hydrolase
PF02441	electron_transport,fad_binding,oxidoreductase
PF02445	cofactor_biosynthesis,lyase,nad_biosynthesis
PF02449	carbohydrate_active,glycosidase,hydrolase
PF02452	defense_system,toxin_domain
PF02463	atp_binding,cell_division,chromosome_partitioning,dna_binding
PF02465	flagellar_motor,flagellum,membrane
PF02470	abc_permease,abc_transporter,transporter
PF02475	methyltransferase,transferase,trna_modification
PF02481	dna_repair,recombinational_repair
PF02492	cobalt_binding,metal_binding,nickel_binding
PF02494	cell_surface,repeat_domain
PF02498	mobile_element
PF02511	nucleotide_metabolism,transferase
PF02512	cobalamin_binding,cobalamin_biosynthesis,cobalt_binding,metal_binding
PF02516	glycosyltransferase,membrane
PF02517	membrane,protease
PF02518	atp_binding,chaperone,regulator,sensor_kinase,stress_response,two_component
PF02525	fad_binding,oxidoreductase
PF02535	metal_transporter,transporter,zinc_binding
PF02536	regulator,transcription_termination
PF02537	membrane,stress_response
PF02540	cofactor_biosynthesis,ligase,nad_biosynthesis
PF02543	amino_acid_metabolism,transferase
PF02548	cofactor_biosynthesis,transferase
PF02552	co_oxidation,metal_binding,molybdenum_binding,oxidoreductase
PF02558	cofactor_biosynthesis,oxidoreductase
PF02562	atp_binding,atpase,stress_response
PF02566	oxidative_stress,stress_response
PF02567	lyase,secondary_metabolism
PF02568	cofactor_biosynthesis,sulfurtransferase,thiamine_biosynthesis
PF02570	cobalt_binding,metal_binding
PF02579	iron_sulfur
PF02581	cofactor_biosynthesis,thiamine_biosynthesis
PF02585	carbohydrate_active,hydrolase
PF02592	hydrolase,protease
PF02597	cofactor_biosynthesis,thiamine_biosynthesis
PF02602	heme_biosynthesis,transferase
PF02604	antitoxin_domain,defense_system
PF02607	cobalamin_binding,cobalt_binding,metal_binding
PF02613	denitrification,heme_binding,nitrite_reductase
PF02616	cell_division,chromosome_partitioning
PF02622	metal_binding,zinc_binding
PF02627	decarboxylase,lyase
PF02629	central_metabolism,tca_cycle
PF02633	amidase,hydrolase
PF02634	molybdenum_binding,oxidoreductase
PF02635	sulfur_metabolism,sulfurtransferase,transferase
PF02637	translation,trna_synthetase
PF02649	cofactor_biosynthesis,hydrolase
PF02653	abc_permease,abc_transporter,peptide_transporter,transporter
PF02659	manganese_binding,metal_transporter,transporter
PF02662	hydrogenase,iron_sulfur
PF02663	archaeal_one_carbon,molybdenum_binding,wood_ljungdahl
PF02666	decarboxylase,lipid_metabolism,lyase
PF02669	ion_transporter,membrane,transporter
PF02673	antibiotic_resistance,transporter
PF02675	decarboxylase,lyase,sam_binding
PF02676	methyltransferase,trna_modification
PF02683	heme_biosynthesis,membrane
PF02686	translation,trna_synthetase
PF02687	cell_division,divisome,membrane,transporter
PF02690	phosphate_transporter,transporter
PF02700	purine_metabolism,transferase
PF02702	ion_transporter,sensor_kinase,two_component
PF02706	lps_biosynthesis,membrane,regulatory
PF02719	carbohydrate_active,glycosyltransferase,lps_biosynthesis,transferase
PF02732	dna_repair,nuclease
PF02737	dehydrogenase,fad_binding,oxidoreductase
PF02738	metal_binding,molybdenum_binding
PF02741	archaeal_one_carbon,transferase
PF02742	metal_binding,regulator
PF02743	sensor_kinase,signaling
PF02744	carbohydrate_active,transferase
PF02747	dna_binding,replication
PF02748	metal_binding,pyrimidine_metabolism,regulatory
PF02749	nad_biosynthesis,transferase
PF02754	metal_binding,zinc_binding
PF02767	dna_polymerase,replication,sliding_clamp
PF02769	amino_acid_metabolism,purine_metabolism
PF02770	beta_oxidation,fatty_acid_degradation,lipid_metabolism
PF02771	beta_oxidation,fatty_acid_degradation,lipid_metabolism
PF02777	manganese_binding,metal_binding
PF02778	nuclease,rna_processing
PF02779	central_metabolism,tca_cycle,translocase
PF02780	pentose_phosphate,transferase
PF02781	central_metabolism,pentose_phosphate
PF02784	amino_acid_metabolism,decarboxylase,lyase
PF02786	amino_acid_metabolism,atp_binding,ligase,pyrimidine_metabolism
PF02798	oxidative_stress,transferase
PF02800	central_metabolism,glycolysis
PF02801	fatty_acid_synthesis,lipid_metabolism
PF02803	fatty_acid_degradation,transferase
PF02810	sec_pathway,secretion_component
PF02811	hydrolase,metal_binding,phosphatase
PF02812	amino_acid_degradation,oxidoreductase
PF02826	dehydrogenase,fad_binding,oxidoreductase
PF02830	metal_binding,regulatory
PF02833	hydrolase,phosphatase
PF02843	ligase,purine_metabolism
PF02844	ligase,purine_metabolism
PF02852	fad_binding,oxidoreductase
PF02861	chaperone,clp_protease
PF02866	dehydrogenase,oxidoreductase
PF02867	nucleotide_metabolism,oxidoreductase,reductase
PF02874	atp_synthesis,energy_metabolism
PF02881	gtp_binding,signal_recognition
PF02882	nad_binding,one_carbon_metabolism,oxidoreductase
PF02887	atp_binding,glycolysis,kinase
PF02894	oxidoreductase
PF02896	central_metabolism,transferase
PF02900	aromatic_aa_metabolism,dioxygenase,oxidoreductase
PF02906	fefe_hydrogenase,hydrogen_metabolism,hydrogenase
PF02910	sulfur_metabolism,thiosulfate
PF02911	one_carbon_metabolism,transferase
PF02926	rna_binding,trna_modification
PF02933	aaa_domain,atp_binding
PF02934	translation,trna_synthetase
PF02938	regulatory
PF02943	iron_sulfur,oxidoreductase,thioredoxin
PF02955	atp_binding,ligase
PF02965	cobalamin_binding,cobalt_binding,metal_binding
PF02969	regulator,transcription
PF02978	copper_binding,metal_binding
PF02985	heat_repeat,protein_binding,repeat_domain
PF02996	chaperone
PF03013	mobile_element,nuclease
PF03023	cell_wall,peptidoglycan,transporter
PF03030	energy_metabolism,transporter
PF03050	mobile_element,transposase
PF03060	monooxygenase,oxidoreductase
PF03063	metal_binding,nickel_binding
PF03065	carbohydrate_active,glycosidase,hydrolase
PF03073	membrane,signaling
PF03083	sugar_transporter,transporter
PF03091	metal_binding,stress_response
PF03099	cofactor_biosynthesis,ligase
PF03102	carbohydrate_active,transferase
PF03104	dna_polymerase,nuclease,replication
PF03109	atp_binding,kinase
PF03116	electron_transport,iron_sulfur,respiration
PF03129	rna_binding,translation,trna_synthetase
PF03143	translation,translation_factor
PF03144	gtp_binding,translation,translation_factor
PF03147	iron_sulfur,trna_synthetase
PF03167	dna_repair,sos_response
PF03168	stress_response
PF03176	heavy_metal_resistance,mercury_resistance
PF03205	cofactor_biosynthesis,molybdenum_binding
PF03214	carbohydrate_active,glycosyltransferase
PF03215	atp_binding,dna_repair,replication
PF03227	oxidoreductase,reductase,thioredoxin
PF03232	cofactor_biosynthesis,oxidoreductase
PF03235	restriction_enzyme,restriction_modification
PF03259	signaling
PF03266	atp_binding,hydrolase
PF03308	cobalamin_binding,gtp_binding,gtpase
PF03328	central_metabolism,lyase
PF03334	antiporter,membrane,transporter
PF03350	hypothetical
PF03354	phage_related,phage_terminase
PF03364	lipid_metabolism,polyketide_synthesis,secondary_metabolism
PF03372	hydrolase,nuclease,phosphatase
PF03400	mobile_element,transposase
PF03404	metal_binding,molybdenum_binding
PF03413	protease,regulatory
PF03439	transcription
PF03444	dna_binding,regulator,winged_helix
PF03446	cofactor_binding,nad_binding,pentose_phosphate
PF03448	magnesium_binding,regulatory,transporter
PF03453	cofactor_biosynthesis,molybdenum_binding
PF03454	cofactor_biosynthesis,molybdenum_binding
PF03459	regulatory,transporter
PF03460	denitrification,iron_sulfur,sulfate_reduction
PF03466	lysr_family,regulator
PF03471	membrane,transporter
PF03473	cofactor_biosynthesis,molybdenum_binding
PF03479	hypothetical
PF03481	cofactor_biosynthesis,trna_modification
PF03483	translation,trna_synthetase
PF03484	translation,trna_synthetase
PF03495	calcium_binding,toxin
PF03534	toxin,virulence
PF03537	carbohydrate_active,glycosidase,hydrolase
PF03547	membrane,metal_transporter,transporter
PF03551	dna_binding,regulator,transcription_factor
PF03567	sulfurtransferase,transferase
PF03598	co_oxidation,oxidoreductase
PF03599	co_oxidation,iron_sulfur,oxidoreductase
PF03600	tca_cycle,transporter
PF03601	hypothetical
PF03602	hypothetical
PF03631	membrane,stress_response
PF03640	cell_surface,repeat_domain,secreted
PF03641	amino_acid_metabolism,decarboxylase,lyase
PF03683	hypothetical
PF03685	hypothetical
PF03692	metal_binding,zinc_binding
PF03693	antitoxin_domain,defense_system
PF03699	hypothetical
PF03703	signaling
PF03705	chemotaxis,methyltransferase
PF03737	aldolase,lyase
PF03741	membrane,metal_transporter,transporter
PF03743	secretion_component,t6ss_component
PF03750	crispr_associated,defense_system
PF03764	translation,translation_factor
PF03767	hydrolase,phosphatase
PF03773	membrane,transporter
PF03781	hydrolase,sulfur_metabolism
PF03787	crispr_associated,defense_system
PF03796	cell_division,divisome
PF03798	secretion_component,t3ss_component
PF03807	archaeal_one_carbon,cofactor_binding,f420_dependent,oxidoreductase
PF03808	carbohydrate_active,glycosyltransferase,transferase
PF03819	hydrolase,nucleotide_metabolism
PF03833	dna_polymerase,replication
PF03841	selenium_metabolism,trna_synthetase
PF03845	membrane,transporter
PF03848	heavy_metal_resistance,methyltransferase
PF03852	dna_repair,nuclease,restriction_modification
PF03853	carbohydrate_active,hydrolase
PF03911	membrane,sec_pathway,secretion_component
PF03949	central_metabolism,nad_binding,oxidoreductase
PF03951	ammonia_assimilation,nitrogen_metabolism
PF03952	gluconeogenesis,glycolysis
PF03965	antibiotic_resistance,regulator
PF03966	methyltransferase,translation
PF03971	dehydrogenase,oxidoreductase,tca_cycle
PF03975	chemotaxis,signaling
PF04002	dna_repair,hydrolase
PF04008	kinase,nucleotide_metabolism
PF04011	membrane
PF04012	membrane,stress_response
PF04014	antitoxin_domain,defense_system
PF04021	sec_pathway,secretion_component
PF04024	membrane,stress_response
PF04029	hydrolase,phosphatase
PF04032	rna_processing,rnase
PF04039	antiporter,membrane,transporter
PF04041	carbohydrate_active,glycosidase,hydrolase
PF04042	dna_polymerase,replication
PF04055	enzyme,iron_sulfur,radical_sam
PF04060	iron_sulfur,metal_binding
PF04066	membrane,transporter
PF04068	ferredoxin,iron_sulfur,metal_binding
PF04069	abc_substrate_binding,abc_transporter,transporter
PF04073	hydrolase,trna_modification
PF04079	cell_division,chromosome_partitioning
PF04101	carbohydrate_active,glycosyltransferase
PF04126	chaperone,isomerase
PF04127	cofactor_biosynthesis,fad_binding,oxidoreductase
PF04131	carbohydrate_active,epimerase,isomerase
PF04135	rna_binding,rrna_modification
PF04138	glycosyltransferase,membrane
PF04139	cell_division,dna_repair
PF04140	lipid_metabolism,methyltransferase
PF04143	sulfate_transporter,transporter
PF04151	protease,regulatory,secreted
PF04185	phosphodiesterase,signaling
PF04188	glycosyltransferase,membrane
PF04191	methyltransferase,phospholipid_metabolism
PF04193	membrane,repeat_domain
PF04199	lyase
PF04208	archaeal_one_carbon,one_carbon_metabolism,transferase
PF04221	defense_system,toxin_domain
PF04230	carbohydrate_active,transferase
PF04261	dioxygenase,iron_binding,oxidoreductase
PF04266	rna_binding
PF04289	hypothetical
PF04307	membrane
PF04313	restriction_enzyme,restriction_modification
PF04321	carbohydrate_active,epimerase,nad_binding
PF04324	2fe2s,ferredoxin,iron_sulfur,metal_binding
PF04326	dna_binding,helicase
PF04358	sulfate_reduction,sulfur_metabolism
PF04383	dna_binding,mobile_element
PF04406	replication,topoisomerase
PF04410	rna_binding,rrna_modification
PF04412	iron_sulfur,lyase,tca_cycle
PF04414	hydrolase,translation
PF04422	f420_dependent,hydrogenase,hydrogenase_group3,nife_hydrogenase
PF04423	dna_repair,zinc_binding
PF04432	f420_dependent,hydrogenase,hydrogenase_group3,nife_hydrogenase
PF04434	metal_binding,zinc_binding
PF04455	amino_acid_metabolism,dehydrogenase,oxidoreductase
PF04457	rna_binding
PF04464	carbohydrate_active,cell_wall,glycosyltransferase
PF04466	phage_related,phage_terminase
PF04471	nuclease,restriction_enzyme,restriction_modification
PF04472	cell_division,divisome
PF04509	chemotaxis,signaling
PF04531	phage_lysin,phage_related
PF04539	regulator,sigma_factor
PF04542	regulator,sigma_factor
PF04545	regulator,sigma_factor
PF04556	restriction_enzyme,restriction_modification
PF04607	metal_binding,nickel_binding
PF04608	hydrolase,lipid_metabolism,phosphatase
PF04659	cell_surface,flagellum
PF04693	mobile_element,transposase
PF04703	archaeal_one_carbon,one_carbon_metabolism
PF04715	aromatic_aa_metabolism,transferase
PF04756	glycosyltransferase,membrane
PF04773	iron_binding,regulator
PF04820	fad_binding,halogenase,oxidoreductase
PF04824	cell_division,chromosome_partitioning
PF04851	nuclease,restriction_enzyme,restriction_modification
PF04860	phage_capsid,phage_related
PF04864	amino_acid_metabolism,lyase
PF04865	phage_baseplate,phage_related
PF04879	metal_binding,molybdenum_binding
PF04892	antibiotic_resistance,membrane
PF04893	membrane,vesicle_trafficking
PF04894	nitrogen_metabolism,regulator
PF04895	nitrogen_metabolism,regulator
PF04898	amino_acid_metabolism,oxidoreductase
PF04900	ribosomal_protein,translation
PF04932	carbohydrate_active,glycosyltransferase,lps_biosynthesis
PF04945	hypothetical
PF04956	conjugation,pilus
PF04969	chaperone,stress_response
PF04972	membrane,signaling
PF04981	ribosomal_protein,translation
PF04982	membrane
PF04986	mobile_element,transposase
PF04989	carbohydrate_active,methyltransferase,transferase
PF05014	nucleotide_metabolism,transferase
PF05048	copper_binding,metal_binding,metal_homeostasis
PF05116	carbohydrate_active,hydrolase,phosphatase
PF05120	cell_surface,membrane
PF05121	cell_surface,membrane
PF05124	cell_surface,s_layer
PF05133	phage_portal,phage_related
PF05135	phage_related,phage_tail
PF05157	atpase,pilus,type_iv_pilus
PF05161	cofactor_biosynthesis,molybdenum_binding
PF05165	cofactor_biosynthesis,hydrolase
PF05173	amino_acid_biosynthesis,oxidoreductase
PF05175	methyltransferase,sam_binding,transferase
PF05188	dna_repair,mismatch_repair
PF05189	ligase,rna_processing
PF05190	dna_repair,mismatch_repair
PF05191	kinase,regulatory
PF05192	dna_repair,mismatch_repair
PF05201	amino_acid_metabolism,oxidoreductase
PF05219	methyltransferase,transferase
PF05222	amino_acid_metabolism,dehydrogenase,oxidoreductase
PF05228	chemotaxis,signaling
PF05239	membrane,stress_response
PF05315	mobile_element
PF05317	hydrolase,protease
PF05345	cell_surface,repeat_domain
PF05362	atp_binding,chaperone,protease
PF05368	oxidoreductase,regulatory
PF05401	methyltransferase,transferase
PF05402	cofactor_biosynthesis,pqq_binding
PF05448	carbohydrate_active,esterase,hydrolase
PF05488	effector_domain,t6ss_component
PF05496	atp_synthesis,energy_metabolism
PF05523	carbohydrate_active,transferase
PF05552	ion_channel,membrane,transporter
PF05593	repeat_domain,toxin
PF05597	lipid_metabolism,membrane
PF05621	mobile_element,transposase
PF05635	rna_processing,rnase
PF05637	adhesin,cell_surface,repeat_domain
PF05658	adhesin,cell_surface
PF05670	rna_binding,translation
PF05693	carbohydrate_active,glycosyltransferase
PF05707	membrane,toxin
PF05711	methyltransferase,secondary_metabolism,transferase
PF05729	atp_binding,atpase,signaling
PF05746	rna_binding,translation,trna_synthetase
PF05753	sec_pathway,secretion_component
PF05762	cell_surface,protein_binding
PF05768	glutaredoxin,oxidoreductase
PF05800	cell_surface,membrane
PF05833	rna_binding,translation
PF05834	isoprenoid_biosynthesis,lyase
PF05854	dna_binding,regulator
PF05872	dna_repair,helicase
PF05889	selenium_metabolism,trna_synthetase
PF05893	bioluminescence,oxidoreductase
PF05899	hydrolase
PF05916	helicase,replication
PF05922	protease,regulator
PF05935	sulfur_metabolism,transferase
PF05936	conjugation,secretion_component,t4ss_component
PF05958	methyltransferase,trna_modification
PF05970	atp_binding,helicase,replication
PF05973	defense_system,toxin_domain
PF05974	cell_surface,repeat_domain
PF05977	membrane,mfs_transporter,transporter
PF05978	ion_channel,membrane,regulatory,transporter
PF06023	crispr_associated,defense_system,nuclease
PF06026	isomerase,pentose_phosphate
PF06044	restriction_enzyme,restriction_modification
PF06068	atp_binding,atpase
PF06093	transcription,zinc_binding
PF06094	ligase,lipid_metabolism
PF06146	phosphate_transporter,stress_response
PF06176	kinase,lps_biosynthesis
PF06202	carbohydrate_active,hydrolase
PF06250	hydrolase,nuclease
PF06271	membrane
PF06293	kinase,lps_biosynthesis
PF06300	restriction_enzyme,restriction_modification
PF06386	cell_surface,membrane
PF06397	iron_sulfur,metal_binding
PF06414	defense_system,toxin_domain
PF06415	glycolysis,isomerase
PF06418	atp_binding,ligase,nucleotide_metabolism
PF06439	carbohydrate_active,hydrolase
PF06445	binding,regulatory
PF06463	cofactor_biosynthesis,molybdenum_binding
PF06467	protein_modification,zinc_binding
PF06470	cell_division,chromosome_partitioning
PF06472	abc_permease,abc_transporter,sugar_transporter,transporter
PF06508	cofactor_biosynthesis,trna_modification
PF06550	membrane,protease
PF06559	deaminase,hydrolase,nucleotide_metabolism
PF06560	glycolysis,isomerase
PF06564	carbohydrate_active,glycosyltransferase
PF06628	catalase,oxidative_stress
PF06723	atp_binding,cell_division
PF06728	glycosyltransferase,membrane
PF06733	base_excision_repair,dna_repair
PF06739	carbohydrate_binding
PF06745	atp_binding,atpase,signaling
PF06777	hypothetical
PF06813	membrane,transporter
PF06819	hydrolase,protease
PF06831	dna_binding,dna_repair
PF06858	gtp_binding,ribosomal_protein,translation
PF06902	electron_transport,ferredoxin,iron_sulfur,metal_binding
PF06941	hydrolase,nucleotide_metabolism
PF06968	cofactor_biosynthesis,thiamine_biosynthesis
PF07085	regulatory
PF07088	atp_binding,membrane
PF07155	cofactor_biosynthesis,transporter
PF07228	cell_division,phosphatase
PF07238	cdgmp_binding,cyclic_dinucleotide,signaling
PF07282	cas_domain,nuclease,transposase
PF07311	cofactor_binding,fad_binding
PF07385	carbohydrate_active,isomerase
PF07441	cell_division
PF07449	hydrogenase_maturation
PF07503	hydrogenase_maturation,zinc_binding
PF07504	protease,regulatory
PF07510	restriction_enzyme,restriction_modification
PF07521	hydrolase,metal_binding,rna_binding,zinc_binding
PF07524	dna_binding,regulatory
PF07541	translation,translation_factor
PF07549	sec_pathway,secretion_component
PF07581	ribosomal_protein,translation
PF07584	regulatory
PF07592	mobile_element,transposase
PF07638	regulator,sigma_factor
PF07646	kelch_repeat,repeat_domain
PF07648	protease,regulator
PF07661	membrane,repeat_domain
PF07669	nuclease,restriction_enzyme,restriction_modification
PF07676	repeat_domain,wd40_repeat
PF07677	binding,membrane
PF07678	binding,cell_surface
PF07681	membrane
PF07685	glutamine_amidotransferase,transferase
PF07690	membrane,mfs_transporter,transporter
PF07691	carbohydrate_binding,cell_surface
PF07693	atp_binding,atpase
PF07699	calcium_binding,metal_binding
PF07703	binding
PF07705	adhesin,cell_surface
PF07714	kinase,serine_threonine_kinase,tyrosine_kinase
PF07715	outer_membrane,tonb_dependent_receptor,transporter
PF07719	repeat_domain,tpr_repeat
PF07720	protein_binding,repeat_domain,tpr_repeat
PF07721	protein_binding,repeat_domain,tpr_repeat
PF07722	cysteine_protease,hydrolase,protease
PF07724	aaa_domain,atp_binding
PF07726	aaa_domain,atp_binding,atpase
PF07728	aaa_domain,atp_binding
PF07730	regulator,sensor_kinase,two_component
PF07731	copper_binding,metal_binding
PF07754	metal_binding,zinc_binding
PF07786	acetyltransferase,transferase
PF07831	nucleotide_metabolism,transferase
PF07883	hydrolase
PF07885	ion_channel,membrane,transporter
PF07903	antitoxin_domain,defense_system
PF07929	hypothetical,phage_related
PF07931	antibiotic_resistance,kinase
PF07940	carbohydrate_active,hydrolase
PF07943	cell_wall,lytic_transglycosylase,peptidoglycan
PF07963	pilus,type_iv_pilus
PF07969	amidase,hydrolase,metal_binding
PF07973	translation,trna_synthetase
PF07974	adhesin,cell_surface,repeat_domain
PF07991	branched_chain_aa,isomerase,nadp_binding,reductase
PF07992	fad_binding,nad_binding,oxidoreductase
PF07993	cofactor_binding,nad_binding,oxidoreductase
PF08013	aldolase,carbohydrate_active,lyase
PF08029	histidine_biosynthesis,transferase
PF08068	ribosomal_protein,translation
PF08126	protease,regulatory
PF08207	translation,translation_factor
PF08238	repeat_domain,sel1_repeat
PF08240	dehydrogenase,nad_binding,oxidoreductase
PF08241	methyltransferase,sam_binding,transferase
PF08242	methyltransferase,sam_binding,transferase
PF08264	rna_binding,translation,trna_synthetase
PF08267	amino_acid_biosynthesis,one_carbon_metabolism,transferase
PF08269	sensor_kinase,signaling
PF08281	regulator,sigma_factor
PF08282	hydrolase,phosphatase
PF08294	membrane,transporter
PF08305	carbohydrate_active,carbohydrate_binding
PF08308	membrane
PF08309	cell_surface,repeat_domain
PF08350	archaeal_one_carbon,regulator
PF08351	acetyltransferase,trna_modification
PF08361	regulator,tetr_family
PF08378	hydrolase,nuclease
PF08388	membrane,signaling
PF08402	regulatory,transporter
PF08433	regulator,transcription
PF08438	gtp_binding,gtpase
PF08443	atp_binding,ligase
PF08445	hypothetical
PF08447	sensor_kinase,signaling
PF08448	sensor_kinase,signaling
PF08450	hydrolase
PF08459	dna_repair,nuclease,rnase
PF08463	restriction_enzyme,restriction_modification
PF08487	cell_surface
PF08489	translation,trna_modification
PF08494	helicase,rna_binding
PF08495	signaling
PF08501	aromatic_aa_metabolism,oxidoreductase
PF08502	amino_acid_biosynthesis,branched_chain_aa,transferase
PF08519	dna_binding,replication
PF08534	oxidative_stress,oxidoreductase,thioredoxin
PF08541	fatty_acid_synthesis,lipid_metabolism
PF08542	atp_binding,replication
PF08543	cofactor_biosynthesis,kinase,thiamine_biosynthesis
PF08544	kinase,transferase
PF08546	cofactor_biosynthesis,oxidoreductase,reductase
PF08608	translation,trna_modification
PF08645	dna_repair,kinase,nuclease
PF08646	dna_binding,replication
PF08659	fatty_acid_synthesis,lipid_metabolism
PF08666	adhesin,cell_surface
PF08668	hydrolase,phosphodiesterase
PF08669	amino_acid_degradation,one_carbon_metabolism
PF08676	dna_repair,mismatch_repair
PF08696	helicase,nuclease,replication
PF08700	membrane,secretion_component
PF08704	methyltransferase,trna_modification
PF08706	helicase,replication
PF08708	primase,replication
PF08713	base_excision_repair,dna_repair
PF08714	one_carbon_metabolism,oxidoreductase
PF08734	hypothetical
PF08753	nickel_binding,regulator
PF08859	cyclic_dinucleotide,diguanylate_cyclase,signaling
PF08889	carbohydrate_active,transferase
PF08915	translation,trna_synthetase
PF08937	defense_system,signaling
PF09019	restriction_enzyme,restriction_modification
PF09079	dna_binding,replication,winged_helix
PF09084	cofactor_biosynthesis,thiamine_biosynthesis
PF09111	dna_binding,helicase,replication
PF09134	adhesin,cell_surface
PF09136	carbohydrate_active,glycosidase,hydrolase
PF09140	atp_binding,cell_division
PF09173	gtp_binding,translation,translation_factor
PF09176	archaeal_one_carbon,one_carbon_metabolism,oxidoreductase
PF09180	translation,trna_synthetase
PF09190	rna_binding,translation,trna_synthetase
PF09233	restriction_enzyme,restriction_modification
PF09239	replication,topoisomerase
PF09250	dna_polymerase,primase,replication
PF09334	amino_acid_metabolism,translation,trna_synthetase
PF09335	signaling
PF09336	aaa_domain,atp_binding
PF09341	regulator,transcription
PF09344	cas_domain,crispr_associated,defense_system
PF09360	iron_sulfur,metal_binding
PF09369	hypothetical
PF09376	dna_repair,nuclease
PF09377	ribosomal_protein,translation
PF09378	hypothetical
PF09382	rna_binding,translation
PF09383	hypothetical
PF09407	antitoxin_domain,defense_system
PF09439	gtp_binding,signal_recognition
PF09481	cas_domain,crispr_associated,defense_system,nuclease
PF09484	crispr_associated,defense_system
PF09491	restriction_enzyme,restriction_modification
PF09511	ligase,rna_processing
PF09516	restriction_enzyme,restriction_modification
PF09520	restriction_enzyme,restriction_modification
PF09549	restriction_enzyme,restriction_modification
PF09568	restriction_enzyme,restriction_modification
PF09571	restriction_enzyme,restriction_modification
PF09579	cell_division
PF09586	membrane
PF09707	cas_domain,crispr_associated,defense_system
PF09721	cell_surface,membrane
PF09754	signaling
PF09778	signaling
PF09810	hydrolase,nuclease
PF09826	repeat_domain
PF09845	replication
PF09846	replication
PF09851	hypothetical
PF09861	central_metabolism,isomerase
PF10080	iron_sulfur,membrane
PF10086	membrane
PF10107	dna_repair,nuclease,recombinational_repair
PF10108	dna_repair,nuclease,replication
PF10110	hydrolase,membrane,phosphodiesterase
PF10111	carbohydrate_active,glycosyltransferase,transferase
PF10120	thiamine_biosynthesis,transferase
PF10127	dna_polymerase,dna_repair
PF10130	pin_domain,toxin_domain
PF10131	cofactor_biosynthesis,membrane
PF10133	co_oxidation,nickel_binding
PF10137	defense_system,signaling
PF10143	carbohydrate_active,isomerase,mutase
PF10263	dna_binding,protease
PF10335	hypothetical,nucleotidyltransferase
PF10369	branched_chain_aa,regulatory
PF10370	hypothetical
PF10397	lyase,purine_metabolism
PF10415	central_metabolism,lyase,tca_cycle
PF10417	oxidative_stress,oxidoreductase,peroxiredoxin
PF10437	cofactor_binding,ligase
PF10442	signaling
PF10469	ligase,rna_processing
PF10509	carbohydrate_active,kinase
PF10518	secretion_component,tat_pathway
PF10531	binding
PF10543	hypothetical
PF10544	hypothetical
PF10559	membrane,sec_pathway,transporter
PF10576	dna_repair,iron_sulfur
PF10592	defense_system
PF10604	polyketide_synthesis,secondary_metabolism
PF10609	atp_binding,cell_division,chromosome_partitioning
PF10622	membrane,signaling
PF10633	carbohydrate_active,carbohydrate_binding
PF10639	hypothetical,membrane
PF10686	acetyltransferase,transferase
PF10706	antibiotic_resistance,transferase
PF10996	hydrolase,nuclease
PF11028	glycosyltransferase,membrane
PF11127	membrane
PF11130	conjugation,mobile_element
PF11449	heavy_metal_resistance,membrane,transporter
PF11463	restriction_enzyme,restriction_modification
PF11495	dna_binding,regulator,transcription_factor
PF11535	calcium_binding,metal_binding
PF11617	copper_binding,metal_binding
PF11731	hypothetical,virulence
PF11783	cytochrome,electron_transport,heme_binding,respiration
PF11798	dna_binding,dna_repair
PF11799	dna_repair
PF11867	restriction_enzyme,restriction_modification
PF11969	hydrolase,rna_processing
PF11977	hydrolase,rnase
PF12008	restriction_enzyme,restriction_modification
PF12139	iron_sulfur,sulfur_metabolism
PF12161	methyltransferase_rm,restriction_modification
PF12172	metal_binding,zinc_binding
PF12183	restriction_enzyme,restriction_modification
PF12234	hydrogen_metabolism,hydrogenase,hydrogenase_group4,nife_hydrogenase
PF12245	cell_surface,repeat_domain
PF12327	cell_division,ftsz
PF12344	dna_repair,nucleotide_excision_repair
PF12349	membrane,regulatory
PF12367	hydrolase,toxin
PF12399	abc_atpase,abc_transporter,transporter
PF12437	ligase,nitrogen_metabolism
PF12439	carbohydrate_active,hydrolase
PF12483	ligase,protein_modification
PF12544	iron_sulfur,isomerase,radical_sam
PF12627	nucleotidyltransferase,rna_binding
PF12641	electron_transport,fmn_binding,oxidoreductase
PF12643	hydrolase,nucleotide_metabolism
PF12651	dna_binding,regulator,ribbon_helix_helix
PF12666	secretion_component,t3ss_component
PF12681	hydrolase,oxidative_stress
PF12682	electron_transport,fmn_binding,oxidoreductase
PF12705	hydrolase,nuclease
PF12706	copper_binding,metal_binding
PF12710	hydrolase,phosphatase
PF12717	cell_division,chromosome_partitioning
PF12724	electron_transport,fmn_binding,oxidoreductase
PF12727	binding
PF12762	mobile_element,transposase
PF12770	hydrolase,protease
PF12773	metal_binding,zinc_binding
PF12796	ankyrin_repeat,repeat_domain
PF12797	ferredoxin,iron_sulfur,metal_binding
PF12798	electron_transport,ferredoxin,iron_sulfur,metal_binding
PF12800	electron_transport,ferredoxin,iron_sulfur,metal_binding
PF12801	electron_transport,ferredoxin,iron_sulfur,metal_binding
PF12802	marr_family,regulator
PF12804	cofactor_biosynthesis,nucleotidyltransferase,transferase
PF12822	abc_transporter,transporter
PF12826	dna_binding,dna_repair
PF12831	fad_binding,oxidoreductase
PF12833	arac_family,regulator
PF12836	dna_binding,dna_repair
PF12837	electron_transport,ferredoxin,iron_sulfur,metal_binding
PF12838	electron_transport,ferredoxin,iron_sulfur,metal_binding
PF12844	dna_binding,helix_turn_helix
PF12846	aaa_domain,atp_binding,atpase
PF12849	binding
PF12850	hydrolase,metal_binding,phosphatase
PF12862	cell_division,repeat_domain
PF12895	cell_division
PF12899	carbohydrate_active,glycosidase,hydrolase
PF12900	cofactor_biosynthesis,oxidoreductase,pyridoxal_biosynthesis
PF12917	hydrolase,nucleotide_metabolism
PF12950	restriction_enzyme,restriction_modification
PF12973	chromate_resistance,oxidoreductase
PF13020	hypothetical,oxidoreductase
PF13023	phosphodiesterase,signaling
PF13086	aaa_domain,atp_binding,atpase
PF13087	aaa_domain,atp_binding,atpase
PF13091	hydrolase,lipase,signaling
PF13098	oxidoreductase,thioredoxin
PF13145	chaperone,isomerase
PF13173	aaa_domain,atp_binding
PF13174	protein_binding,repeat_domain,tpr_repeat
PF13175	aaa_domain,atp_binding,atpase
PF13176	repeat_domain,tpr_repeat
PF13177	dna_polymerase,replication
PF13181	repeat_domain,tpr_repeat
PF13183	electron_transport,ferredoxin,iron_sulfur,metal_binding
PF13185	sensor_kinase,signaling
PF13186	iron_sulfur,radical_sam
PF13187	electron_transport,ferredoxin,iron_sulfur,metal_binding
PF13189	kinase,nucleotide_metabolism
PF13190	signaling
PF13191	aaa_domain,atp_binding,atpase
PF13205	cell_surface,repeat_domain
PF13207	aaa_domain,atp_binding,atpase
PF13229	beta_helix,cell_surface,repeat_domain
PF13230	glutamine_amidotransferase,transferase
PF13231	carbohydrate_active,glycosyltransferase,transferase
PF13237	electron_transport,ferredoxin,iron_sulfur,metal_binding
PF13238	aaa_domain,atp_binding,atpase
PF13242	hydrolase,phosphatase
PF13244	hydrogenase,hydrogenase_group4,mbh_hydrogenase,membrane,nife_hydrogenase
PF13245	aaa_domain,atp_binding,atpase
PF13247	ferredoxin,iron_sulfur,metal_binding
PF13263	hydrolase,phosphatase
PF13274	antitoxin_domain,defense_system
PF13280	defense_system,regulatory
PF13286	hydrolase,phosphatase
PF13289	hydrolase,regulator
PF13298	dna_repair,ligase
PF13304	aaa_domain,atp_binding
PF13310	virulence
PF13328	hydrolase,metal_binding
PF13333	integrase,mobile_element
PF13336	hydrolase,tca_cycle
PF13338	antitoxin_domain,regulator
PF13343	abc_substrate_binding,abc_transporter,transporter
PF13347	membrane,mfs_transporter,transporter
PF13353	electron_transport,ferredoxin,iron_sulfur,metal_binding
PF13358	dna_binding,integrase,mobile_element
PF13359	mobile_element,nuclease,transposase
PF13360	oxidoreductase,pqq_binding
PF13361	dna_repair,helicase
PF13365	hydrolase,protease
PF13366	hydrolase,nuclease
PF13370	electron_transport,ferredoxin,iron_sulfur,metal_binding
PF13371	protein_binding,repeat_domain,tpr_repeat
PF13374	repeat_domain,tpr_repeat
PF13376	defense_system
PF13377	laci_family,regulator
PF13378	central_metabolism,lyase
PF13379	cofactor_biosynthesis,thiamine_biosynthesis
PF13382	deaminase,hydrolase
PF13384	dna_binding,helix_turn_helix
PF13385	adhesin,cell_surface,repeat_domain
PF13386	heme_biosynthesis,membrane
PF13396	lipase,nuclease
PF13401	aaa_domain,atp_binding,atpase
PF13404	asnc_family,dna_binding,regulator,transcription_factor
PF13409	oxidative_stress,transferase
PF13411	dna_binding,helix_turn_helix,regulator,transcription_factor
PF13412	dna_binding,helix_turn_helix,regulator,winged_helix
PF13414	repeat_domain,tpr_repeat
PF13415	oxidoreductase,repeat_domain
PF13416	abc_substrate_binding,abc_transporter,transporter
PF13417	glutathione,transferase
PF13418	oxidoreductase,repeat_domain
PF13419	hydrolase,phosphatase
PF13421	membrane,signaling
PF13424	repeat_domain,tpr_repeat
PF13426	sensor_kinase,signaling
PF13428	protein_binding,repeat_domain,tpr_repeat
PF13431	repeat_domain,tpr_repeat
PF13432	repeat_domain,tpr_repeat
PF13433	abc_substrate_binding,abc_transporter,transporter
PF13434	amino_acid_metabolism,oxidoreductase,oxygenase
PF13435	cytochrome,electron_transport,heme_binding,respiration
PF13437	membrane,secretion_component,t1ss_component
PF13439	carbohydrate_active,glycosyltransferase,transferase
PF13440	carbohydrate_active,glycosyltransferase
PF13442	cytochrome,cytochrome_c_oxidase,electron_transport,heme_binding,respiration,terminal_oxidase
PF13450	nad_binding,oxidoreductase,reductase
PF13456	dna_polymerase,mobile_element
PF13458	abc_substrate_binding,abc_transporter,transporter
PF13459	electron_transport,ferredoxin,iron_sulfur,metal_binding
PF13469	sulfur_metabolism,transferase
PF13470	pin_domain,toxin_domain
PF13476	aaa_domain,atp_binding,atpase
PF13479	aaa_domain,atp_binding,atpase
PF13481	aaa_domain,atp_binding,atpase
PF13482	hydrolase,rnase
PF13483	hydrolase,metal_binding
PF13484	electron_transport,ferredoxin,iron_sulfur,metal_binding
PF13489	methyltransferase,sam_binding,transferase
PF13492	regulatory,signaling
PF13499	calcium_binding,metal_binding
PF13500	aaa_domain,atp_binding,atpase
PF13507	glutamine_amidotransferase,transferase
PF13508	acetyltransferase,transferase
PF13510	2fe2s,ferredoxin,iron_sulfur,metal_binding
PF13513	heat_repeat,repeat_domain
PF13514	aaa_domain,atp_binding,atpase
PF13517	cell_surface,repeat_domain
PF13519	cell_surface,protein_binding,repeat_domain
PF13520	amino_acid_transporter,membrane,transporter
PF13521	aaa_domain,atp_binding,atpase
PF13522	glutamine_amidotransferase,transferase
PF13524	carbohydrate_active,glycosyltransferase,transferase
PF13531	abc_transporter,periplasmic,transporter
PF13534	electron_transport,ferredoxin,iron_sulfur,metal_binding
PF13537	glutamine_amidotransferase,transferase
PF13538	dna_repair,helicase
PF13540	regulatory,repeat_domain
PF13541	atp_binding,chelatase,heme_biosynthesis
PF13545	crp_fnr_family,dna_binding,helix_turn_helix,regulator
PF13546	mobile_element,nuclease,transposase
PF13555	aaa_domain,atp_binding
PF13558	atp_binding,dna_repair
PF13560	defense_system,toxin_domain
PF13561	fatty_acid_synthesis,oxidoreductase
PF13570	oxidoreductase,pqq_binding
PF13576	repeat_domain
PF13579	carbohydrate_active,glycosyltransferase,transferase
PF13580	carbohydrate_active,isomerase
PF13581	ompr_family,regulator,response_regulator
PF13588	restriction_enzyme,restriction_modification
PF13593	membrane,transporter
PF13599	repeat_domain
PF13602	dehydrogenase,oxidoreductase,zinc_binding
PF13604	aaa_domain,atp_binding,atpase
PF13609	beta_barrel,outer_membrane,porin,transporter
PF13610	mobile_element,nuclease,transposase
PF13614	aaa_domain,atp_binding,atpase
PF13616	chaperone,isomerase
PF13620	cell_surface,repeat_domain
PF13623	chaperone,protein_binding
PF13624	chaperone,protein_binding
PF13630	defense_system
PF13632	carbohydrate_active,glycosyltransferase,transferase
PF13635	hypothetical
PF13636	methyltransferase,rna_binding
PF13638	pin_domain,toxin_domain
PF13641	carbohydrate_active,glycosyltransferase,transferase
PF13646	heat_repeat,protein_binding,repeat_domain
PF13649	methyltransferase,sam_binding,transferase
PF13668	iron_binding,metal_binding,oxidative_stress
PF13671	aaa_domain,atp_binding,atpase
PF13672	hydrolase,phosphatase
PF13676	defense_system,signaling
PF13683	integrase,mobile_element
PF13685	dehydrogenase,iron_binding,oxidoreductase
PF13686	membrane
PF13691	hydrolase,rnase
PF13692	carbohydrate_active,glycosyltransferase,transferase
PF13701	mobile_element,nuclease,transposase
PF13704	carbohydrate_active,glycosyltransferase,transferase
PF13712	carbohydrate_active,glycosyltransferase,transferase
PF13715	regulatory
PF13728	conjugation,mobile_element
PF13737	mobile_element,nuclease,transposase
PF13738	fad_binding,nad_binding,oxidoreductase
PF13742	rna_binding,translation
PF13746	electron_transport,ferredoxin,iron_sulfur,metal_binding
PF13749	atp_binding,atpase,helicase
PF13750	cell_surface,repeat_domain
PF13751	mobile_element,nuclease,transposase
PF13768	cell_surface,protein_binding
PF13772	hydrolase
PF13784	signaling,transferase
PF13793	nucleotide_metabolism,transferase
PF13809	cell_division,gtp_binding
PF13847	methyltransferase,sam_binding,transferase
PF13855	lrr_repeat,repeat_domain
PF13895	adhesin,cell_surface,repeat_domain
PF13912	dna_binding,metal_binding,zinc_binding,zinc_finger
PF13975	mobile_element,protease
PF14010	central_metabolism,lyase
PF14269	sulfur_metabolism,transferase
PF14279	hydrolase,nuclease
PF14300	hypothetical
PF14306	rna_binding
PF14319	mobile_element,transposase
PF14377	protein_binding
PF14378	hydrolase,phosphatase
PF14382	nuclease,rna_processing
PF14417	metal_binding
PF14437	deaminase,hydrolase
PF14438	deaminase,hydrolase
PF14445	protein_modification,zinc_binding
PF14464	hydrolase,protease
PF14470	signaling
PF14487	toxin,transferase
PF14490	dna_binding,dna_repair,helicase
PF14492	translation,translation_factor
PF14511	restriction_enzyme,restriction_modification
PF14512	oxidoreductase,reductase
PF14520	dna_binding,dna_repair
PF14522	cytochrome,electron_transport,heme_binding,respiration
PF14524	abc_permease,abc_transporter,transporter
PF14526	crispr_associated,defense_system
PF14532	atp_binding,regulator,sigma_factor
PF14551	helicase,replication
PF14559	repeat_domain,tpr_repeat
PF14574	atp_binding,kinase
PF14578	gtp_binding,translation,translation_factor
PF14582	hydrolase,metal_binding,phosphatase
PF14602	acetyltransferase,repeat_domain,transferase
PF14622	hydrolase,rnase
PF14667	carbohydrate_active,glycosyltransferase
PF14681	nucleotide_metabolism,transferase
PF14686	carbohydrate_active,polysaccharide_lyase
PF14691	ferredoxin,iron_sulfur,metal_binding,oxidoreductase
PF14697	electron_transport,ferredoxin,iron_sulfur,metal_binding
PF14698	amino_acid_biosynthesis,lyase
PF14720	hydrogen_metabolism,hydrogenase,iron_binding,nife_hydrogenase,oxygen_binding
PF14748	amino_acid_metabolism,oxidoreductase,reductase
PF14810	transferase,trna_modification
PF14811	hypothetical
PF14815	hydrolase,nucleotide_metabolism
PF14821	amino_acid_biosynthesis,lyase
PF14870	photosynthesis
PF14885	carbohydrate_active,glycosidase,hydrolase
PF14907	nucleotidyltransferase,transferase
PF15511	cell_division,dna_binding
PF15514	restriction_enzyme,restriction_modification
PF15616	heavy_metal_resistance,metal_binding
PF15630	cell_division,dna_binding
PF15632	atp_binding,ligase
PF15738	abortive_infection,defense_system,toxin_domain
PF15891	nucleotide_metabolism,transferase
PF15902	membrane,vesicle_trafficking
PF15993	hypothetical
PF16113	fatty_acid_degradation,lyase
PF16158	cell_surface,repeat_domain
PF16177	central_metabolism,ligase
PF16198	isomerase,trna_modification
PF16203	dna_repair,helicase,nucleotide_excision_repair
PF16285	hypothetical
PF16289	pin_domain,toxin_domain
PF16347	hydrolase,sulfur_metabolism
PF16363	carbohydrate_active,dehydrogenase,epimerase,nad_binding
PF16575	kinase,rna_processing
PF16576	membrane,secretion_component,t1ss_component
PF16653	amino_acid_metabolism,dehydrogenase,oxidoreductase
PF16661	hydrolase,metal_binding,zinc_binding
PF16841	carbohydrate_active,carbohydrate_binding
PF16861	amino_acid_metabolism,transferase
PF16881	cofactor_biosynthesis,iron_sulfur,radical_sam
PF16897	gtpase,translation
PF16912	dehydrogenase,oxidoreductase
PF16916	transporter,zinc_binding
PF17125	methyltransferase,rrna_modification
PF17146	pin_domain,toxin_domain
PF17147	central_metabolism,iron_sulfur,oxidoreductase
PF17179	electron_transport,ferredoxin,iron_sulfur,metal_binding
PF17201	sensor_kinase,signaling
PF17202	sensor_kinase,signaling
PF17203	sensor_kinase,signaling
PF17207	helicase,replication,rna_binding
PF17210	cell_surface,repeat_domain
PF17214	rna_binding,transcription_termination
PF17244	replication,rna_binding
PF17284	amino_acid_metabolism,transferase
PF17289	nuclease,phage_related,phage_terminase
PF17297	gluconeogenesis,lyase
PF17651	binding
PF17723	dna_binding,regulator
PF17726	dna_binding,helix_turn_helix,restriction_modification
PF17757	dna_repair,nucleotide_excision_repair
PF17760	dna_repair,nucleotide_excision_repair
PF17761	hypothetical
PF17763	amino_acid_metabolism,hydrolase
PF17777	ribosomal_protein,translation
PF17788	hydrogenase_maturation,transferase
PF17791	hypothetical
PF17820	protein_binding
PF17835	gtp_binding,ribosomal_protein,translation
PF17855	helicase,replication
PF17862	aaa_domain,atp_binding
PF17863	aaa_domain,atp_binding
PF17874	regulatory,repeat_domain,tpr_repeat
PF17942	hypothetical
PF17953	crispr_associated,defense_system
PF17957	cell_surface,repeat_domain
PF17963	cell_surface,repeat_domain
PF18006	selenium_metabolism,translation,trna_synthetase
PF18046	chaperone,isomerase
PF18050	chaperone,isomerase
PF18072	purine_metabolism,transferase
PF18093	methyltransferase,trna_modification
PF18171	signaling
PF18195	translation,trna_synthetase
PF18211	crispr_associated,defense_system
PF18306	hypothetical
PF18317	oxidoreductase,tca_cycle
PF18318	amino_acid_biosynthesis,ligase,nitrogen_metabolism
PF18376	decarboxylase,isoprenoid_biosynthesis,lyase
PF18477	pin_domain,toxin_domain
PF18478	pin_domain,toxin_domain
PF18537	co_oxidation,wood_ljungdahl
PF18643	restriction_enzyme,restriction_modification
PF18755	methyltransferase,transferase
PF18765	base_excision_repair,dna_repair,polymerase
PF18766	atp_binding,helicase,regulator
PF18785	hypothetical
PF18854	translation,translation_factor
PF18859	translation,translation_factor
PF18884	cell_surface,repeat_domain
PF18895	conjugation,pilus,secretion_component,t4ss_component
PF18911	cell_surface,repeat_domain
PF18913	gluconeogenesis,phosphatase
PF18916	isoprenoid_biosynthesis,lyase
PF18917	membrane,stress_response
PF18933	photosynthesis
PF18962	cell_surface,secretion_component
PF18998	flagellin,flagellum
PF19026	chaperone
PF19044	atp_binding,conjugation
PF19077	cell_surface,repeat_domain
PF19114	hypothetical
PF19269	rna_binding,translation,trna_synthetase
PF19276	phosphodiesterase,signaling
PF19288	cofactor_biosynthesis,lyase
PF19289	metal_binding,protease
PF19290	metal_binding,protease
PF19295	iron_sulfur,iron_sulfur_biosynthesis
PF19303	rna_binding,translation,trna_synthetase
PF19306	dna_binding,helicase,winged_helix
PF19436	co_oxidation,oxidoreductase
PF19580	hydrolase,nuclease,phosphatase
PF19583	beta_lactamase,hydrolase
PF19778	restriction_enzyme,restriction_modification
PF19810	hypothetical
PF20009	hypothetical
PF20126	toxin_domain
PF20251	cell_surface,repeat_domain
PF20257	cofactor_biosynthesis,transferase
PF20268	ribosomal_protein,translation
PF20275	abc_transporter,transporter
PF20293	abc_transporter,transporter
PF20393	hydrolase,lyase
PF20434	carbohydrate_active,esterase,hydrolase
PF20436	aaa_domain,atp_binding,protease
PF20463	aromatic_aa_metabolism,oxidoreductase
PF20501	hydrogenase,hydrogenase_group4,mbh_hydrogenase,membrane,nife_hydrogenase
PF20582	hypothetical
PF20695	cofactor_biosynthesis,lyase
PF20696	cofactor_biosynthesis,lyase
PF20703	atp_binding,defense_system,signaling
PF20706	carbohydrate_active,defense_system,glycosyltransferase,transferase
PF20720	atp_binding,defense_system
PF20768	replication,topoisomerase
PF20773	defense_system,protease
PF20774	defense_system,protease
PF20797	hydrolase,rnase
PF20979	amino_acid_biosynthesis,ligase
PF20990	hypothetical,membrane
PF21003	dna_repair,nuclease
PF21082	ion_channel,membrane,transporter
PF21086	amino_acid_metabolism,regulatory
PF21088	ion_channel,membrane,transporter
PF21113	central_metabolism,isomerase
PF21120	dna_binding,helicase,replication
PF21133	nucleotidyltransferase,translation
PF21138	atp_binding,helicase
PF21189	rna_binding
PF21238	isomerase,trna_modification
PF21266	rna_binding,rna_processing
PF21347	hypothetical
PF21349	iron_binding,oxidative_stress
PF21360	amino_acid_biosynthesis,ligase
PF21433	isoprenoid_biosynthesis,kinase
PF21436	glycosyltransferase,membrane,transferase
PF21473	dna_binding,replication
PF21478	amino_acid_degradation,oxidoreductase
PF21485	translation,translation_factor
PF21570	amino_acid_metabolism,oxidoreductase
PF21571	amino_acid_metabolism,oxidoreductase
PF21690	atp_binding,hypothetical
PF21715	dna_binding,regulator
PF21748	hypothetical
PF21763	hydrolase,phosphatase
PF21800	rna_binding,translation
PF21827	hypothetical
PF21941	hypothetical
PF21948	cofactor_binding,ligase
PF21960	aaa_domain,atp_binding,atpase
PF21969	carbohydrate_active,glycosyltransferase
PF21980	cell_division
PF21984	dna_binding,replication
PF21999	dna_polymerase,dna_repair
PF22082	sulfur_metabolism,trna_modification
PF22085	cytochrome,electron_transport,heme_binding,respiration
PF22090	replication
PF22117	electron_transport,ferredoxin,iron_sulfur,metal_binding,respiration
PF22148	protease,regulatory
PF22167	hypothetical
PF22175	base_excision_repair,dna_repair
PF22199	chaperone,isomerase
PF22277	iron_binding,metal_binding
PF22296	hypothetical
PF22352	cell_surface,repeat_domain
PF22357	hypothetical
PF22422	carbohydrate_active,glycosidase,hydrolase
PF22458	iron_sulfur,methyltransferase,rrna_modification
PF22483	mobile_element,transposase
PF22505	rna_processing,rnase
PF22521	hydrogenase_maturation,transferase
PF22527	atp_binding,helicase
PF22544	cell_surface,repeat_domain
PF22557	dna_binding,rna_binding
PF22569	deaminase,hydrolase,nucleotide_metabolism
PF22570	membrane,stress_response
PF22578	carbohydrate_active,hydrolase
PF22594	gtp_binding,translation,translation_factor
PF22600	nucleotidyltransferase,rna_processing
PF22613	pentose_phosphate,transferase
PF22614	calcium_binding,ion_channel,regulatory
PF22617	amino_acid_biosynthesis,transferase
PF22625	rna_binding,rnase
PF22627	carbohydrate_active,glycosyltransferase
PF22629	amino_acid_metabolism,regulatory
PF22633	carbohydrate_binding
PF22640	carbohydrate_active,isomerase
PF22641	translation,trna_modification
PF22665	hypothetical
PF22673	chemotaxis,signaling
PF22677	hypothetical
PF22679	restriction_enzyme,restriction_modification
PF22689	purine_metabolism,transferase
PF22691	fatty_acid_degradation,transferase
PF22700	isoprenoid_biosynthesis,lyase
PF22703	atp_binding,replication
PF22722	restriction_enzyme,restriction_modification
PF22725	oxidoreductase
PF22743	stress_response
PF22769	hydrolase,nucleotide_metabolism
PF22784	hypothetical
PF22785	hypothetical
PF22891	rna_binding,translation
PF22912	dna_polymerase,replication,zinc_binding
PF22920	dna_repair,rnase
PF22982	atp_binding,dna_binding,helicase
PF23262	hypothetical
PF23343	mobile_element,replication
PF23400	crispr_associated,defense_system
PF23441	dehydrogenase,nad_binding,oxidoreductase
PF23475	metal_binding,zinc_binding
PF23477	metal_binding,zinc_binding
PF23613	acetyltransferase,trna_modification
PF23743	repeat_domain,wd40_repeat
PF23899	phage_portal,phage_related
PF23989	atpase,pilus,type_iv_pilus
PF24271	hypothetical
PF24346	hypothetical
PF24391	hydrolase,phosphodiesterase
PF24517	carbohydrate_active,carbohydrate_binding
PF24681	kelch_repeat,repeat_domain
PF24827	amidase,hydrolase
PF24844	dna_polymerase,replication
PF24846	dna_polymerase,replication
PF24877	branched_chain_aa,dehydratase,lyase
PF24883	hypothetical
PF24894	acetyltransferase,transferase
PF24948	central_metabolism,tca_cycle
PF24981	repeat_domain,wd40_repeat
PF25084	translation,translation_factor
PF25137	dehydrogenase,iron_binding,oxidoreductase
PF25145	membrane,signaling
PLDc_2	hydrolase,lipase
PQQ_3	oxidoreductase,pqq_binding
PTH2	hydrolase,translation
PTP-SAK	hydrolase,phosphatase
PadR	dna_binding,regulator,transcription_factor
ParBc	cell_division,chromosome_partitioning,dna_binding
PolyA_pol	polymerase
Prok-JAB	deubiquitinase,protease
RCF1-5-like_lid	aaa_domain,atp_binding,atpase
RNR-II_ins_dom	nucleotide_metabolism,oxidoreductase,reductase
RNR_Alpha	nucleotide_metabolism,oxidoreductase,reductase
Rad17	clamp_loader,replication
Ras	gtp_binding,gtpase,signaling
Rep_fac-A_C	clamp_loader,replication
Rep_fac_C	clamp_loader,replication
ResIII	nuclease,restriction_enzyme,restriction_modification
Response_reg	regulator,response_regulator,two_component
RimK	ligase,protein_modification
Roc	gtp_binding,gtpase
RuvC	dna_repair,nuclease,recombinational_repair
SMC_N	chromosome_partitioning
SNF2-rel_dom	atp_binding,helicase,regulator
SPASM	iron_sulfur,radical_sam
SWIM	zinc_binding
TBP	dna_binding,regulator,transcription
TFIIB	dna_binding,transcription
TYW2_N_arc	translation,trna_modification
TaqI_C	restriction_enzyme,restriction_modification
Tc-R-P	hydrolase,phosphatase
ThiF	protein_modification,ubiquitin_activation
Thymidylate_kin	kinase,nucleotide_metabolism,transferase
UDG	base_excision_repair,dna_repair
UvrD_C	dna_repair,helicase
UvrD_C_2	dna_repair,helicase
VWA_2	protein_binding
XPG_I	dna_repair,nuclease
XPG_N	dna_repair,nuclease
Y1_Tnp	mobile_element,nuclease,transposase
YdjM	membrane
acVLRF1	translation,translation_factor
baeRF_family10	translation,translation_factor
dCMP_cyt_deam_1	deaminase,hydrolase,nucleotide_metabolism
dUTPase	hydrolase,nucleotide_metabolism
tRNA_NucTran2_2	nucleotidyltransferase,trna_modification
ubiquitin	ubiquitin_like
# Folded in from the former local extension file data/reference/pfam_predicate_map.tsv
PF00058	repeat_domain	LDL receptor repeat class B
PF00060	ion_channel	Ligand-gated ion channel
PF00062	lysozyme	C-type lysozyme/alpha-lactalbumin
PF00064	glycosidase	Neuraminidase
PF00068	lipase,phospholipid_metabolism	Phospholipase A2
PF00069	kinase	Protein kinase domain
PF00073	viral_capsid,viral_structure	Picornavirus capsid protein
PF00074	rnase	RNase A family
PF00081	superoxide_dismutase	Fe/Mn SOD alpha-hairpin
PF00082	protease	Subtilase family (peptidase S8)
PF00084	repeat_domain	Sushi/SCR repeat
PF00086	repeat_domain	Thyroglobulin type-1 repeat
PF00102	phosphatase,phosphoprotein_phosphatase	Protein-tyrosine phosphatase
PF00112	cysteine_protease	papain family cysteine protease
PF00116	aerobic_respiration,electron_transport	cytochrome c oxidase subunit II
PF00119	atp_synthesis	ATP synthase A chain
PF00122	atpase,transporter	E1-E2 (P-type) ATPase
PF00128	amylase	alpha-amylase catalytic domain
PF00131	metal_binding	metallothionein metal-binding protein
PF00135	esterase	carboxylesterase family
PF00146	dehydrogenase	NADH dehydrogenase
PF00150	cellulase	cellulase GH5
PF00151	lipase	lipase
PF00153	transporter	mitochondrial carrier family
PF00157	dna_binding	POU DNA-binding domain
PF00160	isomerase	cyclophilin peptidyl-prolyl isomerase
PF00161	toxin_domain	ribosome inactivating protein
PF00163	ribosomal_protein	ribosomal protein S4/S9 N-term
PF00164	ribosomal_protein	ribosomal protein S12/S23
PF00170	dna_binding	bZIP transcription factor
PF00172	zinc_finger	Zn(2)-Cys(6) DNA-binding
PF00177	ribosomal_protein	ribosomal S7
PF00178	dna_binding	Ets DNA-binding
PF00180	dehydrogenase	isocitrate/isopropylmalate dehydrogenase
PF00181	ribosomal_protein	ribosomal L2 N-term
PF00182	chitinase	chitinase class I
PF00183	hsp90	Hsp90
PF00185	transferase	carbamoyltransferase
PF00186	reductase	dihydrofolate reductase
PF00187	carbohydrate_binding	chitin-binding
PF00189	ribosomal_protein	ribosomal S3 C-term
PF00195	polyketide_synthesis	chalcone/stilbene synthase
PF00201	glycosyltransferase	UDP-glucuronosyl/glucosyl transferase
PF00203	ribosomal_protein	ribosomal S19
PF00204	topoisomerase	DNA gyrase B
PF00205	thiamine_binding	TPP enzyme domain
PF00206	lyase	lyase
PF00209	symporter	sodium symporter
PF00216	dna_binding	bacterial DNA-binding
PF00217	phosphotransferase	ATP:guanido phosphotransferase
PF00221	lyase	aromatic amino acid lyase
PF00231	atp_synthesis	ATP synthase
PF00237	ribosomal_protein	ribosomal L22
PF00238	ribosomal_protein	ribosomal L14
PF00242	dna_polymerase	viral DNA polymerase N-term
PF00245	phosphatase	alkaline phosphatase
PF00246	peptidase	zinc carboxypeptidase
PF00249	dna_binding	Myb DNA-binding
PF00250	dna_binding	Forkhead DNA-binding
PF00253	ribosomal_protein	ribosomal S14
PF00255	peroxidase	glutathione peroxidase
PF00263	t2ss_component,t3ss_component	secretin
PF00265	kinase	thymidine kinase
PF00268	reductase	ribonucleotide reductase small chain
PF00274	lyase	fructose-bisphosphate aldolase
PF00275	transferase	EPSP synthase
PF00276	ribosomal_protein	ribosomal L23
PF00282	lyase	pyridoxal-dependent decarboxylase
PF00283	photosystem_ii	cytochrome b559
PF00284	photosystem_ii	cytochrome b559 alpha
PF00286	viral_capsid,viral_structure	viral coat protein
PF00289	carboxylase,biotin_binding	biotin carboxylase
PF00292	dna_binding	paired box
PF00295	glycosidase,carbohydrate_active	GH28
PF00296	monooxygenase	luciferase-like monooxygenase
PF00298	ribosomal_protein	ribosomal L11
PF00302	acetyltransferase	chloramphenicol acetyltransferase
PF00303	synthase	thymidylate synthase
PF00305	oxygenase	lipoxygenase
PF00306	atp_synthesis	ATP synthase alpha/beta
PF00311	carboxylase	PEP carboxylase
PF00312	ribosomal_protein	ribosomal S15
PF00318	ribosomal_protein	ribosomal S2
PF00319	dna_binding	SRF-type TF
PF00320	zinc_finger	GATA zinc finger
PF00326	peptidase	prolyl oligopeptidase
PF00327	ribosomal_protein	ribosomal L30
PF00328	phosphatase	histidine phosphatase
PF00331	glycosidase,carbohydrate_active	GH10
PF00332	glycosidase,carbohydrate_active	GH17
PF00333	ribosomal_protein	ribosomal S5
PF00336	dna_polymerase	viral DNA polymerase C-term
PF00337	carbohydrate_binding	galactoside-binding lectin
PF00338	ribosomal_protein	ribosomal S10
PF00344	sec_pathway	SecY
PF00347	ribosomal_protein	ribosomal L6
PF00348	isoprenoid_biosynthesis	polyprenyl synthase
PF00349	kinase	hexokinase
PF00361	antiporter	antiporter TM
PF00364	biotin_binding	biotin/lipoyl domain
PF00366	ribosomal_protein	ribosomal S17
PF00370	kinase	FGGY kinases
PF00372	copper_binding	hemocyanin
PF00375	symporter	sodium:dicarboxylate symporter
PF00379	carbohydrate_binding	chitin-binding
PF00380	ribosomal_protein	ribosomal S9
PF00393	dehydrogenase	6-phosphogluconate dehydrogenase
PF00395	s_layer	S-layer homology
PF00398	methyltransferase	rRNA adenine dimethylase
PF00401	atp_synthesis	ATP synthase delta/epsilon
PF00405	iron_binding	transferrin
PF00410	ribosomal_protein	ribosomal S8
PF00411	ribosomal_protein	ribosomal S11
PF00413	peptidase	matrixin metalloprotease
PF00416	ribosomal_protein	ribosomal S13
PF00419	pilus	fimbrial protein
PF00420	electron_transport	NADH dehydrogenase subunit
PF00423	receptor_binding	hemagglutinin-neuraminidase
PF00426	viral_capsid,viral_structure	capsid protein VP4
PF00427	light_harvesting	phycobilisome linker
PF00428	ribosomal_protein	60S ribosomal protein
PF00429	viral_structure	viral coat polyprotein
PF00430	atp_synthesis	ATP synthase B/B' CF0
PF00433	serine_threonine_kinase	protein kinase C domain
PF00434	viral_capsid,viral_structure	glycoprotein VP7
PF00438	synthetase	S-adenosylmethionine synthetase
PF00443	deubiquitinase	ubiquitin carboxyl-terminal hydrolase
PF00444	ribosomal_protein	ribosomal L36
PF00445	rnase	ribonuclease T2
PF00447	dna_binding	HSF DNA-binding
PF00448	signal_recognition	SRP54 GTPase
PF00450	peptidase	serine carboxypeptidase
PF00453	ribosomal_protein	ribosomal L20
PF00454	kinase	phosphatidylinositol kinase
PF00455	regulator	DeoR C-term
PF00457	glycosidase,carbohydrate_active	GH11
PF00460	flagellum	flagellar rod
PF00463	glyoxylate_cycle	isocitrate lyase
PF00466	ribosomal_protein	ribosomal L10
PF00467	rna_binding	KOW motif
PF00468	ribosomal_protein	ribosomal L34
PF00471	ribosomal_protein	ribosomal L33
PF00486	regulator	transcriptional regulator C-term
PF00487	fatty_acid_synthesis	fatty acid desaturase
PF01917	flagellum,archaellum,cell_surface,motility	Arch_flagellin (major archaeal flagellin structural subunit)
PF04501	flagellum,archaellum,cell_surface	Archaeal flagellin N-terminal domain
PF05377	flagellum,archaellum,cell_surface	FlaC archaeal flagellin C-terminal
PF04609	methanogenesis,methyl_coenzyme_m_reductase	MCR_C (methyl-coenzyme M reductase C-terminal)
PF02505	methanogenesis,methyl_coenzyme_m_reductase	MCR_D (methyl-coenzyme M reductase delta subunit)
PF02783	methanogenesis,methyl_coenzyme_m_reductase	MCR_beta_N (methyl-coenzyme M reductase beta N-terminal)
PF02745	methanogenesis,methyl_coenzyme_m_reductase	MCR_alpha_N (methyl-coenzyme M reductase alpha N-terminal)
PF10117	methanogenesis,methyl_coenzyme_m_reductase	McrBC (methyl-coenzyme M reductase B/C fusion)
PF06100	methanogenesis,methyl_coenzyme_m_reductase	MCRA (methyl-coenzyme M reductase alpha)
PF01996	f420_dependent,ligase	F420_ligase (F420 biosynthesis)
PF04075	f420_dependent,reductase,quinone_metabolism	F420H2_quin_red (F420H2:quinone oxidoreductase)
PF01314	oxidoreductase,pyruvate_metabolism,ferredoxin_dependent	AFOR_C (2-oxoacid ferredoxin oxidoreductase C-terminal)
PF02730	oxidoreductase,pyruvate_metabolism,ferredoxin_dependent	AFOR_N (2-oxoacid ferredoxin oxidoreductase N-terminal)
PF02915	oxidative_stress,electron_transport,iron_binding	Rubrerythrin (non-heme iron protein, oxygen stress)
PF05871	escrt_system,cell_division	ESCRT-II (endosomal sorting complex)
PF11605	escrt_system,cell_division	Vps36_ESCRT-II (ESCRT-II component)
PF01040	isoprenoid_biosynthesis,quinone_biosynthesis,membrane	UbiA (4-hydroxybenzoate polyprenyltransferase)
PF09827	crispr_associated,defense_system,nuclease	CRISPR_Cas2 (CRISPR-associated protein Cas2)
PF10040	crispr_associated,defense_system,rnase	CRISPR_Cas6 (CRISPR-associated endoribonuclease Cas6)
PF19308	crispr_associated,defense_system,rnase	CRISPR_Cas6_N (Cas6 N-terminal)
PF09485	crispr_associated,defense_system	CRISPR_Cse2 (CRISPR-associated protein Cse2)
PF08798	crispr_associated,defense_system	CRISPR_assoc (CRISPR-associated protein)
PF12942	ammonia_oxidation,oxidoreductase,copper_binding	Archaeal_AmoA (archaeal ammonia monooxygenase)
PF04283	chemotaxis,signaling,methyltransferase	CheF-arch (archaeal chemotaxis methyltransferase)
PF13549	ligase,atp_binding,biotin_metabolism	ATP-grasp_5
PF02655	ligase,atp_binding	ATP-grasp_3
PF08442	ligase,atp_binding	ATP-grasp_2
PF02222	ligase,atp_binding	ATP-grasp
PF22626	ligase,atp_binding,lysine_biosynthesis	LysX_preATP_grasp (lysine biosynthesis)
PF18301	ligase,atp_binding	preATP-grasp_3
PF13535	ligase,atp_binding	ATP-grasp_4
PF14397	ligase,atp_binding	ATPgrasp_ST
PF14398	ligase,atp_binding	ATPgrasp_YheCD
PF21068	ligase,atp_binding,isoprenoid_biosynthesis	ATPgraspMvdD (mevalonate diphosphate decarboxylase)
PF13673	acetyltransferase,transferase	Acetyltransf_10
PF13302	acetyltransferase,transferase	Acetyltransf_3
PF13420	acetyltransferase,transferase	Acetyltransf_4
PF13527	acetyltransferase,transferase	Acetyltransf_9
PF12698	transporter,abc_transporter,membrane	ABC2_membrane_3
PF12679	transporter,abc_transporter,membrane	ABC2_membrane_2
PF13240	dna_binding,zinc_ribbon,rna_binding	Zn_Ribbon_1
PF08271	dna_binding,zinc_ribbon,regulator	Zn_Ribbon_TF (zinc ribbon transcription factor)
PF13248	zinc_ribbon,dna_binding	Zn_ribbon_3
PF02775	thiamine_binding,transferase	TPP_enzyme_C (TPP enzyme C-terminal)
PF14947	dna_binding,regulator	HTH_45 (helix-turn-helix)
PF12840	dna_binding,regulator	HTH_20 (helix-turn-helix)
PF06325	methyltransferase,rrna_modification	PrmA (ribosomal protein L11 methyltransferase)
PF09445	methyltransferase	Methyltransf_15
PF01134	trna_modification,fad_binding	GIDA (glucose-inhibited division protein A)
PF00589	integrase,mobile_element,recombinase	Phage_integrase (site-specific recombinase)
PF01546	peptidase,hydrolase	Peptidase_M20 (M20 peptidase family)
PF07687	peptidase,hydrolase	M20_dimer (M20 peptidase dimerization)
PF04389	peptidase,hydrolase	Peptidase_M28 (M28 aminopeptidase)
PF01435	peptidase,protease,membrane	Peptidase_M48 (M48 metalloprotease)
PF02163	peptidase,protease,membrane	Peptidase_M50 (M50 metalloprotease)
PF02073	peptidase,hydrolase	Peptidase_M29 (M29 aminopeptidase)
PF00557	peptidase,hydrolase	Peptidase_M24 (M24 methionine aminopeptidase)
PF13188	sensor,signaling,pas_domain	PAS_8 (PAS domain sensor)
PF13460	nad_binding,oxidoreductase,dehydrogenase	NAD_binding_10
PF03358	fmn_binding,oxidoreductase,reductase	FMN_red (FMN-dependent oxidoreductase)
PF08352	transporter,peptide_transport	oligo_HPY (oligopeptide/heme permease)
PF01472	rna_binding,pseudouridine_synthase	PUA (pseudouridine synthase/archaeosine transglycosylase)
PF13380	coa_binding,acyltransferase	CoA_binding_2
PF00690	atpase,transporter,cation_transport	Cation_ATPase_N (P-type ATPase N-terminal)
PF00689	atpase,transporter,cation_transport	Cation_ATPase_C (P-type ATPase C-terminal)
PF13246	atpase,transporter,cation_transport	Cation_ATPase
PF00730	dna_repair,helix_hairpin_helix	HhH-GPD (helix-hairpin-helix DNA glycosylase)
PF13607	ligase,tca_cycle,atp_binding	Succ_CoA_lig (succinyl-CoA ligase)
PF00227	proteasome,peptidase,protein_degradation	Proteasome (proteasome alpha/beta subunits)
PF08423	dna_repair,recombinase	Rad51 (DNA repair protein)
PF01163	kinase,ribosome_biogenesis	RIO1 (RIO kinase)
PF01751	topoisomerase,dna_binding	Toprim (topoisomerase-primase domain)
PF04015	unknown_function	DUF362 (domain of unknown function 362)
PF01212	lyase,sulfur_metabolism	Beta_elim_lyase (threonine/serine dehydratase)
PF07021	cobalamin_biosynthesis,methyltransferase	MetW (cobalamin biosynthesis)
PF12704	transporter,abc_transporter,efflux	MacB_PCD (MacB periplasmic core domain)
PF13506	glycosyltransferase,transferase	Glyco_transf_21
PF08323	glycosyltransferase,transferase	Glyco_transf_5
PF00561	hydrolase,esterase	Abhydrolase_1 (alpha/beta hydrolase)
PF12697	hydrolase,esterase	Abhydrolase_6 (alpha/beta hydrolase)
PF12146	hydrolase	Hydrolase_4
PF06253	radical_sam,thiamine_biosynthesis	MTTB (thiamine biosynthesis ThiH)
PF01012	electron_transport,flavoprotein,fad_binding	ETF (electron transfer flavoprotein)
PF13193	amp_binding,ligase,fatty_acid_metabolism	AMP-binding_C (AMP-binding C-terminal)
PF01058	oxidoreductase,quinone_biosynthesis,fad_binding	Oxidored_q6 (ubiquinone biosynthesis monooxygenase)
PF08028	dehydrogenase,fatty_acid_metabolism,fad_binding	Acyl-CoA_dh_2 (acyl-CoA dehydrogenase)
PF12675	unknown_function	DUF3795 (domain of unknown function 3795)
PF02824	regulator,aminoacyl_trna_synthetase	TGS (threonyl-tRNA synthetase/GTPase domain)
PF13180	protein_binding,signal_transduction	PDZ_2 (PDZ domain)
PF02729	transferase,arginine_biosynthesis	OTCace_N (ornithine carbamoyltransferase N-terminal)
PF01368	phosphoesterase,nucleotide_metabolism	DHH (DHH family phosphoesterase)
PF13669	glyoxalase,detoxification	Glyoxalase_4
PF18029	glyoxalase,detoxification	Glyoxalase_6
PF09339	regulator,dna_binding	HTH_IclR (IclR family transcriptional regulator)
PF00579	aminoacyl_trna_synthetase,ligase	tRNA-synt_1b (class Ib aminoacyl-tRNA synthetase)
PF01406	aminoacyl_trna_synthetase,ligase	tRNA-synt_1e (class Ie aminoacyl-tRNA synthetase)
PF01411	aminoacyl_trna_synthetase,ligase	tRNA-synt_2c (class IIc aminoacyl-tRNA synthetase)
PF07650	rna_binding	KH_2 (KH domain)
PF00984	dehydrogenase,polysaccharide_biosynthesis	UDPG_MGDP_dh (UDP-glucose/GDP-mannose dehydrogenase)
PF03721	dehydrogenase,polysaccharide_biosynthesis	UDPG_MGDP_dh_N (N-terminal)
PF03720	dehydrogenase,polysaccharide_biosynthesis	UDPG_MGDP_dh_C (C-terminal)
PF01068	dna_ligase,dna_repair	DNA_ligase_A_M (DNA ligase middle domain)
PF04679	dna_ligase,dna_repair	DNA_ligase_A_C (DNA ligase C-terminal)
PF03477	signaling,nucleotide_binding	ATP-cone (ATP-binding cone domain)
PF01248	ribosomal_protein	Ribosomal_L7Ae (ribosomal protein L7Ae/L30e/S12e/Gadd45)
PF00828	ribosomal_protein	Ribosomal_L27A (ribosomal protein L27A)
PF01138	rnase,rna_degradation	RNase_PH (ribonuclease PH)
PF03725	rnase,rna_degradation	RNase_PH_C (ribonuclease PH C-terminal)
PF03465	translation,release_factor	eRF1_3 (eukaryotic release factor 1 domain 3)
PF03463	translation,release_factor	eRF1_1 (eukaryotic release factor 1 domain 1)
PF03435	dehydrogenase,pentose_phosphate_pathway	Sacchrp_dh_NADP (saccharopine dehydrogenase)
PF08477	gtpase,signaling,ras_family	Roc (Ras of complex proteins)
PF02878	isomerase,carbohydrate_metabolism	PGM_PMM_I (phosphoglucomutase/phosphomannomutase)
PF02879	isomerase,carbohydrate_metabolism	PGM_PMM_II
PF02880	isomerase,carbohydrate_metabolism	PGM_PMM_III
PF00408	isomerase,carbohydrate_metabolism	PGM_PMM_IV
PF02311	regulator,dna_binding	AraC_binding (AraC-type arabinose-binding)
PF00590	methyltransferase,dna_modification	TP_methylase (thymidylate/UMP methylase)
PF01645	oxidoreductase,nitrogen_metabolism,amino_acid_biosynthesis	Glu_synthase (glutamate synthase alpha subunit)
PF10418	dehydrogenase,pyrimidine_biosynthesis,iron_sulfur_cluster	DHODB_Fe-S_bind (dihydroorotate dehydrogenase Fe-S cluster)
PF01904	unknown_function	DUF72 (domain of unknown function 72)
PF24038	unknown_function	DUF7347 (domain of unknown function 7347)
PF19300	transporter,binding_protein	BPD_transp_1_N (binding protein dependent transport N-terminal)
PF12832	transporter,membrane	MFS_1_like (major facilitator superfamily-like)
PF19045	ligase,coa_binding,fatty_acid_metabolism	Ligase_CoA_2 (CoA ligase)
PF05681	lyase,tca_cycle	Fumerase (fumarase/aspartase N-terminal)
PF05683	lyase,tca_cycle	Fumerase_C (fumarase/aspartase C-terminal)
PF01361	isomerase,tautomerase	Tautomerase (4-oxalocrotonate tautomerase)
PF14552	isomerase,tautomerase	Tautomerase_2
PF14832	isomerase,tautomerase	Tautomerase_3
PF03989	topoisomerase,dna_replication	DNA_gyraseA_C (DNA gyrase A C-terminal)
PF00986	topoisomerase,dna_replication	DNA_gyraseB_C (DNA gyrase B C-terminal)
PF01678	isomerase,amino_acid_biosynthesis	DAP_epimerase (diaminopimelate epimerase)
PF00756	esterase,hydrolase	Esterase (esterase/lipase/thioesterase)
PF00975	esterase,hydrolase,fatty_acid_metabolism	Thioesterase (thioesterase)
PF05139	esterase,hydrolase	Erythro_esteras (erythromycin esterase)
PF10503	esterase,hydrolase,polyhydroxybutyrate	Esterase_PHB (PHB depolymerase)
PF24273	mobile_element,repeat_domain	TRASH_HVO_1752_C (TRASH domain)
PF08394	mobile_element,transposase	Arc_trans_TRASH (archaeal transposase with TRASH)
PF19094	membrane,protein_insertion	EMC6_arch (archaeal EMC6 homolog)
PF01095	esterase,carbohydrate_active,cell_wall	Pectinesterase (pectin methylesterase)
PF01553	acyltransferase,transferase	Acyltransferase (acyltransferase)
PF03031	nitrogen_fixation,electron_transport	NIF (nitrogen fixation protein)
PF16694	cytochrome,oxidoreductase	Cytochrome_P460 (cytochrome P460)
PF13910	unknown_function	DUF4209 (domain of unknown function 4209)
PF17648	bioluminescence,monooxygenase	Luciferase (bacterial luciferase)
PF17101	crispr_associated,defense_system	Stealth_CR1 (Stealth CRISPR type I)
PF17102	crispr_associated,defense_system	Stealth_CR3 (Stealth CRISPR type III)
PF11380	crispr_associated,defense_system	Stealth_CR2 (Stealth CRISPR type II)
PF24898	diguanylate_cyclase,signaling	GGDEF_GdpP (GGDEF domain in GdpP-like phosphodiesterase)
PF21995	ribonucleotide_reductase,radical_sam	RNR-II_ins_dom (RNR class II insertion domain)
PF17975	ribonucleotide_reductase,radical_sam	RNR_Alpha (RNR alpha subunit)
DUF4162	unknown_function	DUF4162 (domain of unknown function 4162)
PF04238	unknown_function	DUF420 (domain of unknown function 420)
PF02350	isomerase,sugar_metabolism	Epimerase_2 (nucleotide-sugar epimerase)
PF22660	radical_sam,ligase	RS_preATP-grasp-like (radical SAM preATP-grasp-like)
PF01008	translation,initiation_factor	IF-2B (translation initiation factor IF-2 B-domain)
PF01513	kinase,nad_metabolism	NAD_kinase (NAD kinase)
PF20143	kinase,nad_metabolism	NAD_kinase_C (NAD kinase C-terminal)
PF04675	dna_ligase,dna_repair	DNA_ligase_A_N (DNA ligase N-terminal)
PF01902	translation,trna_modification	Diphthami_syn_2 (diphthamide synthase)
PF03447	nad_binding,dehydrogenase,oxidoreductase	NAD_binding_3
PF01943	glycosyltransferase,polysaccharide_biosynthesis	Polysacc_synt (polysaccharide biosynthesis protein)
PF03706	glycosyltransferase,membrane,lipopolysaccharide	LPG_synthase_TM (lipophosphoglycan biosynthesis transmembrane)
PF01877	rna_binding	RNA_binding (RNA-binding domain)
PF05168	rnase,toxin_antitoxin,defense_system	HEPN (higher eukaryotes and prokaryotes nucleotide-binding)
PF12911	transporter,peptide_transport,membrane	OppC_N (oligopeptide transporter N-terminal)
PF01171	atp_binding,abc_transporter	ATP_bind_3 (ATP-binding cassette)
PF01694	protease,membrane,serine_protease	Rhomboid (rhomboid family intramembrane serine protease)
PF00795	hydrolase,detoxification	CN_hydrolase (carbon-nitrogen hydrolase)
PF04998	rna_polymerase,transcription	RNA_pol_Rpb1_5 (RNA polymerase Rpb1 domain 5)
PF01193	rna_polymerase,transcription	RNA_pol_L (RNA polymerase Rpb1 linker)
PF05016	toxin_antitoxin,dna_gyrase_inhibitor	ParE_toxin (ParE toxin)
PF01613	reductase,flavin_binding	Flavin_Reduct (flavin reductase)
PF13597	signaling,regulator	NRDD (nucleotide-regulated division domain)
PF01035	dna_binding,regulator	DNA_binding_1 (DNA-binding protein)
PF01565	fad_binding,oxidoreductase	FAD_binding_4 (FAD-binding domain)
PF13589	kinase,sensor_kinase,atp_binding	HATPase_c_3 (histidine kinase ATPase C-terminal)
PF03464	translation,release_factor	eRF1_2 (eukaryotic release factor 1 domain 2)
PF13662	topoisomerase,dna_binding	Toprim_4 (topoisomerase-primase domain)
PF01588	trna_binding,aminoacyl_trna_synthetase	tRNA_bind (tRNA-binding domain)
PF22919	atp_synthesis,atpase	ATP-synt_VA_C (V/A-type ATP synthase C-terminal)
PF02776	thiamine_binding,decarboxylase	TPP_enzyme_N (TPP enzyme N-terminal)
PF07478	ligase,cell_wall_biosynthesis,atp_binding	Dala_Dala_lig_C (D-ala D-ala ligase C-terminal)
PF17886	atpase,metal_resistance,chaperone	ArsA_HSP20 (ArsA ATPase with HSP20 domain)
PF04909	hydrolase,amidohydrolase	Amidohydro_2 (amidohydrolase family)
PF00491	hydrolase,arginine_metabolism,urease	Arginase (arginase family)
PF00493	helicase,dna_replication,atp_binding	MCM (MCM P-loop domain)
PF00731	ligase,purine_biosynthesis	AIRC (phosphoribosylaminoimidazole carboxylase)
PF00595	protein_binding,signal_transduction	PDZ (PDZ domain)
PF02142	lyase,metabolic_detoxification	MGS (methylglyoxal synthase)
PF17759	aminoacyl_trna_synthetase,ligase	tRNA_synthFbeta (phenylalanyl-tRNA synthetase beta)
PF14528	endonuclease,mobile_element	LAGLIDADG_3 (LAGLIDADG homing endonuclease)
PF01984	dna_binding,regulator	dsDNA_bind (double-stranded DNA-binding domain)
PF00694	lyase,tca_cycle,iron_sulfur_cluster	Aconitase_C (aconitase C-terminal)
PF00766	electron_transport,flavoprotein,fad_binding	ETF_alpha (electron transfer flavoprotein alpha subunit)
PF08279	dna_binding,regulator	HTH_11 (helix-turn-helix domain)
PF07366	cyclase,polyketide_biosynthesis	SnoaL (polyketide cyclase)
PF12680	cyclase,polyketide_biosynthesis	SnoaL_2 (polyketide cyclase)
PF13192	thioredoxin,oxidoreductase,redox	Thioredoxin_3 (thioredoxin-like)
PF15956	unknown_function	DUF4760 (domain of unknown function 4760)
PF05763	unknown_function	DUF835 (domain of unknown function 835)
PF07760	unknown_function	DUF1616 (domain of unknown function 1616)
PF24034	unknown_function	DUF7343 (domain of unknown function 7343)
PF06197	unknown_function	DUF998 (domain of unknown function 998)
PF08327	chaperone,stress_response	AHSA1 (activator of Hsp90 ATPase)
PF06706	ribosomal_protein	Ribosomal_L4_asso (ribosomal L4 associated domain)
PF01926	rna_binding,ribosome_biogenesis	50S_ribosome_LdRNase (ribosomal L7/L12 C-terminal)
PF10385	ribosomal_protein	RNA_pol_Rpb6 (RNA polymerase Rpb6)
PF08042	nadh_dehydrogenase,electron_transport,oxidoreductase	Oxidored_molyb (molybdopterin oxidoreductase)
PF01266	reductase,sulfur_metabolism,oxidoreductase	DAO (FAD-dependent oxidoreductase)
PF13368	hth_regulator,dna_binding	HTH_23 (helix-turn-helix)
PF01641	aminoacyl_trna_synthetase,ligase	CysRS_C (cysteinyl-tRNA synthetase C-terminal)
PF00009	elongation_factor,translation,gtpase	GTP_EFTU (elongation factor Tu GTP-binding)
PF03144	elongation_factor,translation	Elong_Ther_EF-G (elongation factor G C-terminal)
PF17136	polysaccharide_biosynthesis,glycosyltransferase	SpsA (sucrose-phosphate synthase)
PF13344	tubulin,cell_division,gtpase	Tubulin-like (tubulin/FtsZ family)
PF01029	nucleotidyltransferase,dna_replication	NTP_transf_2 (nucleotidyltransferase)
PF12804	methyltransferase,cobalamin_biosynthesis	MeTrc (cobalamin biosynthesis methyltransferase)
PF01522	polysaccharide_deacetylase,carbohydrate_active	Polysacc_deac (polysaccharide deacetylase)
PF00386	cytochrome,electron_transport	Cytochrom_B_C (cytochrome b/b6 C-terminal)
PF13442	cytochrome,electron_transport	Cytochrom_B_C_2 (cytochrome b/b6 C-terminal)
PF01765	reductase,molybdenum_cofactor,oxidoreductase	Molybdop_Fe4S4 (molybdopterin oxidoreductase Fe4S4)
PF01568	peptidase,aminopeptidase	Peptidase_M42 (M42 glutamyl aminopeptidase)
PF02812	gtpase,translation,ribosome	GTP_EFTU_D2 (elongation factor Tu domain 2)
PF07992	oxidoreductase,pyridine_nucleotide,fad_binding	Pyr_redox_2 (pyridine nucleotide-disulphide oxidoreductase)
PF13434	glycosyltransferase	Glyco_trans_2_4 (glycosyltransferase family 2)
PF07479	ligase,cell_wall_biosynthesis	Dala_Dala_lig_N (D-ala D-ala ligase N-terminal)
PF02401	ribonuclease,trna_processing	Ribonuc_L-PSP (ribonuclease L-PSP)
PF12710	methyltransferase	Methyltransf_18 (methyltransferase type 18)
PF01990	atp_binding,abc_transporter	ABC_membrane_2 (ABC-2 type transporter)
PF13439	glycosyltransferase	Glyco_transf_4 (glycosyltransferase family 4)
PF13304	atpase,aaa_atpase	AAA_21 (AAA ATPase domain)
PF00004	atpase,aaa_atpase,chaperone	AAA (AAA ATPase domain)
PF06745	atpase,aaa_atpase	ATPase (ATPase family)
PF02518	atpase,sensor_kinase	HATPase_c (histidine kinase-like ATPases)
PF05048	oxidoreductase,metal_binding	NosD (copper ABC transporter NosD-like)
PF13229	repeat_domain,cell_surface	Beta_helix (right-handed beta helix)
PF13641	glycosyltransferase	Glyco_tranf_2_3 (glycosyltransferase family 2)
PF16363	dehydrogenase,sugar_nucleotide_metabolism	GDP_Man_Dehyd (GDP-mannose dehydrogenase)
PF00266	aminotransferase,amino_acid_biosynthesis	Aminotran_5 (aminotransferase class V)
PF12831	oxidoreductase,fad_binding	FAD_oxidored (FAD-dependent oxidoreductase)
PF12706	hydrolase,beta_lactamase	Lactamase_B_2 (metallo-beta-lactamase superfamily)
PF01041	aminotransferase,sugar_biosynthesis	DegT_DnrJ_EryC1 (DegT/DnrJ/EryC1/StrS aminotransferase)
PF01073	oxidoreductase,steroid_metabolism	3Beta_HSD (3-beta hydroxysteroid dehydrogenase/isomerase)
PF00528	transporter,binding_protein	BPD_transp_1 (binding-protein-dependent transport N-term)
PF01022	hth_regulator,dna_binding	HTH_5 (helix-turn-helix)
PF01037	regulator,dna_binding,amino_acid_metabolism	AsnC_trans_reg (AsnC-type transcriptional regulator)
PF01061	transporter,abc_transporter,membrane	ABC2_membrane (ABC-2 type transporter)
PF05175	transferase,menaquinone_biosynthesis	MTS (MenA/DHNA-CoA thioesterase)
PF00753	hydrolase,beta_lactamase,metal_binding	Lactamase_B (metallo-beta-lactamase)
PF00571	regulatory_domain,cbs_domain	CBS (CBS domain)
PF01370	isomerase,sugar_metabolism	Epimerase (NAD-dependent epimerase/dehydratase)
PF00535	glycosyltransferase	Glycos_transf_2 (glycosyl transferase family 2)
PF07690	transporter,membrane	MFS_1 (major facilitator superfamily)
PF00702	hydrolase	Hydrolase (haloacid dehalogenase-like hydrolase)
PF13412	hth_regulator,dna_binding	HTH_24 (helix-turn-helix)
PF13692	glycosyltransferase	Glyco_trans_1_4 (glycosyl transferase family 1)
PF00534	glycosyltransferase	Glycos_transf_1 (glycosyl transferase family 1)
PF01209	methyltransferase,quinone_biosynthesis	Ubie_methyltran (ubiquinone/menaquinone biosynthesis methyltransferase)
PF13508	acetyltransferase	Acetyltransf_7 (N-acetyltransferase)
PF00890	fad_binding,oxidoreductase	FAD_binding_2 (FAD-binding domain)
PF00155	aminotransferase,amino_acid_biosynthesis	Aminotran_1_2 (aminotransferase class I and II)
PF13450	nad_binding,dehydrogenase	NAD_binding_8 (NAD-binding domain)
PF00583	acetyltransferase,amino_acid_biosynthesis	Acetyltransf_1 (acetyltransferase)
PF13649	methyltransferase	Methyltransf_25 (methyltransferase domain)
PF13847	methyltransferase	Methyltransf_31 (methyltransferase domain)
PF08241	methyltransferase	Methyltransf_11 (methyltransferase domain)
PF00037	iron_sulfur_cluster,electron_transport	Fer4 (4Fe-4S ferredoxin)
PF13237	iron_sulfur_cluster,electron_transport	Fer4_10 (4Fe-4S ferredoxin)
PF12838	iron_sulfur_cluster,electron_transport	Fer4_7 (4Fe-4S ferredoxin)
PF13187	iron_sulfur_cluster,electron_transport	Fer4_9 (4Fe-4S ferredoxin)
PF13489	methyltransferase	Methyltransf_23 (methyltransferase domain)
PF08242	methyltransferase	Methyltransf_12 (methyltransferase domain)
PF12837	iron_sulfur_cluster,electron_transport	Fer4_6 (4Fe-4S ferredoxin)
PF00005	transporter,abc_transporter,atp_binding	ABC_tran (ABC transporter ATP-binding domain)
PF04055	radical_sam,methyltransferase	Radical_SAM (radical SAM superfamily)
